Workbook

Sheet HOUSE DASHBOARD
A1: 2026 ELECTION SIMULATOR / HOUSE | 435 DISTRICTS
A2: Adjust national conditions and Democratic vote shares; live seat totals update automatically.
A4: NATIONAL ENVIRONMENT SIMULATOR | G4: LIVE SEAT COUNT! 435 HOUSE SEATS IN TOTAL: 218 VOTES NEEDED FOR A MAJORITY. 2024 U.S. House: 220 R 215 D
A5: National generic ballot baseline (positive values indicate Democratic lead) | B5: 8.4 | C5: 8.7 | D5: =IF(B11="Demographic-driven",0,IF(B9="Custom",B5,IFERROR(IF(LEFT(B9,1)="R",-1,1)*VALUE(MID(B9,3,20)),B5))-8.7)+B7 -> -0.3 | E5: 2024 baseline context; preset and teal inputs determine scenario | G5: Democratic seats | I5: Republican seats
A6: Demographic scenario | B6: All edited groups | E6: Active demographics: RACE + EDUCATION only | G6: =COUNTIF(I31:I465,"D") -> 235 | I6: =COUNTIF(I31:I465,"R") -> 200
A7: Additional swing (pp) | B7: 0 | E7: 0 = no extra adjustment
A8: Implied national D−R (after demographic changes) | B8: =8.7+D5+(F26+F27)/2 -> 8.4 | E8: Implied national vote margin reflects scenario settings.
A9: Generic ballot preset | B9: Custom | C9: Preset (generic ballot mode only) | E9: Custom uses teal B5; select D/R preset to override B5. | G9: D seat change | H9: =G6-215 -> 20 | I9: R seat change | J9: =-H9 -> -20
A10: Baseline method | B10: Uniform swing | C10: Each contest has its own 2026 forecast baseline | E10: Historical race margins stay fixed in DATA sheets. | G10: 435 House districts; majority = 218.
A11: National environment mode | B11: Generic ballot | D11: 2024 presidential baseline (D−R pp) | E11: Mode: Generic ballot combines the ballot swing with vote-share changes; Demographic-driven uses vote-share changes alone.
G12: Ballot-locked seats | H12: =COUNTIF(V31:V465,"D")+COUNTIF(V31:V465,"R") -> 14
A13: RACE / ETHNICITY | B13: EDIT D% for 2026 National % | C13: 2024 National Baseline (R+1.5) | D13: 2020 National Baseline (D+ 4.5) | E13: 2018 National House (D+8.4) | F13: Applied D% | I13: 2018 US D% (D+8.4) | J13: Race | K13: 2024 reference % | L13: 2026 entered % | M13: Applied % | N13: Change pp
A14: White (non-Hispanic) | B14: 42.4 | C14: 42.4 | D14: 42 | E14: 45 | F14: =B14 -> 42.4 | G14: Race | I14: 44 | J14: White non-Hispanic | K14: 75 | L14: 75 | M14: =IF($P$14="2024 baseline",K14,IFERROR(100*L14/SUM($L$14:$L$18),K14)) -> 75 | N14: =M14-K14 -> 0 | O14: Race reset
A15: Hispanic / Latino | B15: 54.2 | C15: 54.2 | D15: 63 | E15: 67 | F15: =B15 -> 54.2 | I15: 69 | J15: Hispanic / Latino | K15: 10 | L15: 10 | M15: =IF($P$14="2024 baseline",K15,IFERROR(100*L15/SUM($L$14:$L$18),K15)) -> 10 | N15: =M15-K15 -> 0
A16: Black | B16: 85.4 | C16: 85.4 | D16: 90 | E16: 91 | F16: =B16 -> 85.4 | I16: 90 | J16: Black | K16: 10 | L16: 10 | M16: =IF($P$14="2024 baseline",K16,IFERROR(100*L16/SUM($L$14:$L$18),K16)) -> 10 | N16: =M16-K16 -> 0
A17: Asian | B17: 60.7 | C17: 60.7 | D17: 64 | E17: 62 | F17: =B17 -> 60.7 | I17: 77 | J17: Asian | K17: 2.3011941 | L17: 2.3011941 | M17: =IF($P$14="2024 baseline",K17,IFERROR(100*L17/SUM($L$14:$L$18),K17)) -> 2.3011941 | N17: =M17-K17 -> 0
A18: Other / unclassified | B18: 53.5 | C18: 53.5 | F18: =B18 -> 53.5 | J18: Other / unclassified | K18: 2.6988059 | L18: 2.6988059 | M18: =IF($P$14="2024 baseline",K18,IFERROR(100*L18/SUM($L$14:$L$18),K18)) -> 2.6988059 | N18: =M18-K18 -> 0
A20: EDUCATION GROUP | B20: EDIT D % | C20: 2024 National Baseline (R+1.5) | D20: 2020 National Baseline (D+ 4.5) | E20: 2018 National House (D+8.4) | F20: Applied D% | J20: Education | K20: 2024 electorate % | L20: 2026 entered % | M20: Applied % | N20: Change pp
A21: College degree (BA+) | B21: 55.6 | C21: 55.6 | D21: 56 | E21: 57 | F21: =B21 -> 55.6 | G21: Education | J21: College degree (BA+) | K21: 42 | L21: 42 | M21: =IF($P$21="2024 baseline",K21,L21) -> 42 | N21: =M21-K21 -> 0 | O21: Education reset | P21: Use entered
A22: Without BA degree | B22: 44.9 | C22: 44.9 | D22: 49 | E22: 52 | F22: =B22 -> 44.9 | J22: No BA degree | K22: 58 | L22: =100-L21 -> 58 | M22: =IF($P$21="2024 baseline",K22,L22) -> 58 | N22: =M22-K22 -> 0
A23: Edit only teal B inputs. Fixed historical D% comparisons never change the simulation.
A25: Ballot source: 270toWin 2026 uncontested House races; California SOS top-two election rules. | B25: =LARGE(H31:H465,218) -> 8.24 | D25: Tipping contest | E25: =INDEX(A31:A465,MATCH(218,M31:M465,0)) -> WI-03 | G25: D seats needed | H25: =MAX(0,218-G6) -> 0 | I25: R seats needed | J25: =MAX(0,218-I6) -> 18
E26: National race shift (pp) | F26: =2*(75*(B14-42.4)+10*(B15-54.2)+10*(B16-85.4)+2.301194118*(B17-60.7)+2.698805882*(B18-53.5))/100 -> 0
A27: 2026 interactive scenario • historical baseline fixed • teal cells are controls | E27: National education shift (pp) | F27: =2*(42*(B21-55.6)+58*(B22-44.9))/100 -> 0
A30: District / state | B30: Original D−R | C30: National Δ | D30: Race Δ | E30: Education Δ | F30: Income (excluded) | G30: Race + Education Δ | H30: SCENARIO D−R | I30: Party | J30: Baseline holder / reference | K30: Flip vs reference | L30: Display margin | M30: D margin rank | N30: Absolute margin | O30: Closeness rank | P30: Source baseline D−R | Q30: Source election / proxy | R30: Scenario − historical | S30: Legacy forecast − baseline | T30: Scenario − legacy forecast | U30: 2026 BALLOT STATUS | V30: LOCKED PARTY | W30: Ballot details / source | X30: Override rationale
A31: ='HOUSE DATA'!A4 -> AK-AL | B31: ='HOUSE DATA'!B4 -> 8.1315242 | C31: =$D$5 -> -0.3 | D31: =2*('HOUSE DATA'!D4*('HOUSE DASHBOARD'!$B$14-42.4)+'HOUSE DATA'!E4*('HOUSE DASHBOARD'!$B$15-54.2)+'HOUSE DATA'!F4*('HOUSE DASHBOARD'!$B$16-85.4)+'HOUSE DATA'!G4*('HOUSE DASHBOARD'!$B$17-60.7)+'HOUSE DATA'!H4*('HOUSE DASHBOARD'!$B$18-53.5))/100 -> 0 | E31: =2*('HOUSE DATA'!I4*('HOUSE DASHBOARD'!$B$21-55.6)+(100-'HOUSE DATA'!I4)*('HOUSE DASHBOARD'!$B$22-44.9))/100 -> 0 | F31: =0 -> 0 | G31: =(D31+E31)/2 -> 0 | H31: ='HOUSE DATA'!C4+C31+G31 -> 9.92 | I31: =IF(V31="D","D",IF(V31="R","R",IF(H31>=0,"D","R"))) -> D | J31: ='HOUSE DATA'!K4 -> R | K31: =IF(I31=J31,"—",J31&" → "&I31) -> R → D | L31: =IF(V31="D","D — BALLOT LOCK",IF(V31="R","R — BALLOT LOCK",IF(H31>=0,"D+"&TEXT(H31,"0.00"),"R+"&TEXT(-H31,"0.00")))) -> D+9.92 | M31: =COUNTIF($H$31:$H$465,">"&H31)+COUNTIF($H$31:H31,H31) -> 213 | N31: =IF(V31<>"",100,ABS(H31)) -> 9.92 | O31: =COUNTIF($N$31:$N$465,"<"&N31)+COUNTIF($N$31:N31,N31) -> 85 | P31: ='HOUSE DATA'!M4 -> -1.04 | Q31: ='HOUSE DATA'!N4 -> 2024 HOUSE / prior substitute | R31: =H31-P31 -> 10.96 | S31: =B31-P31 -> 9.1715242 | T31: =H31-B31 -> 1.7884758 | U31: Contested | W31: Both major parties or other ballot arrangement | X31: Standard model; verify if ballot changes
A32: ='HOUSE DATA'!A5 -> AL-01 | B32: ='HOUSE DATA'!B5 -> -24.724556 | C32: =$D$5 -> -0.3 | D32: =2*('HOUSE DATA'!D5*('HOUSE DASHBOARD'!$B$14-42.4)+'HOUSE DATA'!E5*('HOUSE DASHBOARD'!$B$15-54.2)+'HOUSE DATA'!F5*('HOUSE DASHBOARD'!$B$16-85.4)+'HOUSE DATA'!G5*('HOUSE DASHBOARD'!$B$17-60.7)+'HOUSE DATA'!H5*('HOUSE DASHBOARD'!$B$18-53.5))/100 -> 0 | E32: =2*('HOUSE DATA'!I5*('HOUSE DASHBOARD'!$B$21-55.6)+(100-'HOUSE DATA'!I5)*('HOUSE DASHBOARD'!$B$22-44.9))/100 -> 0 | F32: =0 -> 0 | G32: =(D32+E32)/2 -> 0 | H32: ='HOUSE DATA'!C5+C32+G32 -> -25.47 | I32: =IF(V32="D","D",IF(V32="R","R",IF(H32>=0,"D","R"))) -> R | J32: ='HOUSE DATA'!K5 -> R | K32: =IF(I32=J32,"—",J32&" → "&I32) -> — | L32: =IF(V32="D","D — BALLOT LOCK",IF(V32="R","R — BALLOT LOCK",IF(H32>=0,"D+"&TEXT(H32,"0.00"),"R+"&TEXT(-H32,"0.00")))) -> R+25.47 | M32: =COUNTIF($H$31:$H$465,">"&H32)+COUNTIF($H$31:H32,H32) -> 385 | N32: =IF(V32<>"",100,ABS(H32)) -> 25.47 | O32: =COUNTIF($N$31:$N$465,"<"&N32)+COUNTIF($N$31:N32,N32) -> 242 | P32: ='HOUSE DATA'!M5 -> -36.02 | Q32: ='HOUSE DATA'!N5 -> 2024 PRESIDENT (open seat) | R32: =H32-P32 -> 10.55 | S32: =B32-P32 -> 11.295444 | T32: =H32-B32 -> -0.74544416 | U32: Contested | W32: Both major parties or other ballot arrangement | X32: Standard model; verify if ballot changes
A33: ='HOUSE DATA'!A6 -> AL-02 | B33: ='HOUSE DATA'!B6 -> -2.8761422 | C33: =$D$5 -> -0.3 | D33: =2*('HOUSE DATA'!D6*('HOUSE DASHBOARD'!$B$14-42.4)+'HOUSE DATA'!E6*('HOUSE DASHBOARD'!$B$15-54.2)+'HOUSE DATA'!F6*('HOUSE DASHBOARD'!$B$16-85.4)+'HOUSE DATA'!G6*('HOUSE DASHBOARD'!$B$17-60.7)+'HOUSE DATA'!H6*('HOUSE DASHBOARD'!$B$18-53.5))/100 -> 0 | E33: =2*('HOUSE DATA'!I6*('HOUSE DASHBOARD'!$B$21-55.6)+(100-'HOUSE DATA'!I6)*('HOUSE DASHBOARD'!$B$22-44.9))/100 -> 0 | F33: =0 -> 0 | G33: =(D33+E33)/2 -> 0 | H33: ='HOUSE DATA'!C6+C33+G33 -> -3.4990495 | I33: =IF(V33="D","D",IF(V33="R","R",IF(H33>=0,"D","R"))) -> R | J33: ='HOUSE DATA'!K6 -> D | K33: =IF(I33=J33,"—",J33&" → "&I33) -> D → R | L33: =IF(V33="D","D — BALLOT LOCK",IF(V33="R","R — BALLOT LOCK",IF(H33>=0,"D+"&TEXT(H33,"0.00"),"R+"&TEXT(-H33,"0.00")))) -> R+3.50 | M33: =COUNTIF($H$31:$H$465,">"&H33)+COUNTIF($H$31:H33,H33) -> 258 | N33: =IF(V33<>"",100,ABS(H33)) -> 3.4990495 | O33: =COUNTIF($N$31:$N$465,"<"&N33)+COUNTIF($N$31:N33,N33) -> 30 | P33: ='HOUSE DATA'!M6 -> -14.45905 | Q33: ='HOUSE DATA'!N6 -> 2024 HOUSE / prior substitute | R33: =H33-P33 -> 10.96 | S33: =B33-P33 -> 11.582907 | T33: =H33-B33 -> -0.62290739 | U33: Contested | W33: Both major parties or other ballot arrangement | X33: Standard model; verify if ballot changes
A34: ='HOUSE DATA'!A7 -> AL-03 | B34: ='HOUSE DATA'!B7 -> -35.422944 | C34: =$D$5 -> -0.3 | D34: =2*('HOUSE DATA'!D7*('HOUSE DASHBOARD'!$B$14-42.4)+'HOUSE DATA'!E7*('HOUSE DASHBOARD'!$B$15-54.2)+'HOUSE DATA'!F7*('HOUSE DASHBOARD'!$B$16-85.4)+'HOUSE DATA'!G7*('HOUSE DASHBOARD'!$B$17-60.7)+'HOUSE DATA'!H7*('HOUSE DASHBOARD'!$B$18-53.5))/100 -> 0 | E34: =2*('HOUSE DATA'!I7*('HOUSE DASHBOARD'!$B$21-55.6)+(100-'HOUSE DATA'!I7)*('HOUSE DASHBOARD'!$B$22-44.9))/100 -> 0 | F34: =0 -> 0 | G34: =(D34+E34)/2 -> 0 | H34: ='HOUSE DATA'!C7+C34+G34 -> -36.057189 | I34: =IF(V34="D","D",IF(V34="R","R",IF(H34>=0,"D","R"))) -> R | J34: ='HOUSE DATA'!K7 -> R | K34: =IF(I34=J34,"—",J34&" → "&I34) -> — | L34: =IF(V34="D","D — BALLOT LOCK",IF(V34="R","R — BALLOT LOCK",IF(H34>=0,"D+"&TEXT(H34,"0.00"),"R+"&TEXT(-H34,"0.00")))) -> R+36.06 | M34: =COUNTIF($H$31:$H$465,">"&H34)+COUNTIF($H$31:H34,H34) -> 418 | N34: =IF(V34<>"",100,ABS(H34)) -> 36.057189 | O34: =COUNTIF($N$31:$N$465,"<"&N34)+COUNTIF($N$31:N34,N34) -> 317 | P34: ='HOUSE DATA'!M7 -> -47.017189 | Q34: ='HOUSE DATA'!N7 -> 2024 HOUSE / prior substitute | R34: =H34-P34 -> 10.96 | S34: =B34-P34 -> 11.594245 | T34: =H34-B34 -> -0.63424518 | U34: Contested | W34: Both major parties or other ballot arrangement | X34: Standard model; verify if ballot changes
A35: ='HOUSE DATA'!A8 -> AL-04 | B35: ='HOUSE DATA'!B8 -> -56.160299 | C35: =$D$5 -> -0.3 | D35: =2*('HOUSE DATA'!D8*('HOUSE DASHBOARD'!$B$14-42.4)+'HOUSE DATA'!E8*('HOUSE DASHBOARD'!$B$15-54.2)+'HOUSE DATA'!F8*('HOUSE DASHBOARD'!$B$16-85.4)+'HOUSE DATA'!G8*('HOUSE DASHBOARD'!$B$17-60.7)+'HOUSE DATA'!H8*('HOUSE DASHBOARD'!$B$18-53.5))/100 -> 0 | E35: =2*('HOUSE DATA'!I8*('HOUSE DASHBOARD'!$B$21-55.6)+(100-'HOUSE DATA'!I8)*('HOUSE DASHBOARD'!$B$22-44.9))/100 -> 0 | F35: =0 -> 0 | G35: =(D35+E35)/2 -> 0 | H35: ='HOUSE DATA'!C8+C35+G35 -> -56.077412 | I35: =IF(V35="D","D",IF(V35="R","R",IF(H35>=0,"D","R"))) -> R | J35: ='HOUSE DATA'!K8 -> R | K35: =IF(I35=J35,"—",J35&" → "&I35) -> — | L35: =IF(V35="D","D — BALLOT LOCK",IF(V35="R","R — BALLOT LOCK",IF(H35>=0,"D+"&TEXT(H35,"0.00"),"R+"&TEXT(-H35,"0.00")))) -> R+56.08 | M35: =COUNTIF($H$31:$H$465,">"&H35)+COUNTIF($H$31:H35,H35) -> 435 | N35: =IF(V35<>"",100,ABS(H35)) -> 56.077412 | O35: =COUNTIF($N$31:$N$465,"<"&N35)+COUNTIF($N$31:N35,N35) -> 384 | P35: ='HOUSE DATA'!M8 -> -67.037412 | Q35: ='HOUSE DATA'!N8 -> 2024 HOUSE / prior substitute | R35: =H35-P35 -> 10.96 | S35: =B35-P35 -> 10.877113 | T35: =H35-B35 -> 0.082887031 | U35: Contested | W35: Both major parties or other ballot arrangement | X35: Standard model; verify if ballot changes
A36: ='HOUSE DATA'!A9 -> AL-05 | B36: ='HOUSE DATA'!B9 -> -19.750267 | C36: =$D$5 -> -0.3 | D36: =2*('HOUSE DATA'!D9*('HOUSE DASHBOARD'!$B$14-42.4)+'HOUSE DATA'!E9*('HOUSE DASHBOARD'!$B$15-54.2)+'HOUSE DATA'!F9*('HOUSE DASHBOARD'!$B$16-85.4)+'HOUSE DATA'!G9*('HOUSE DASHBOARD'!$B$17-60.7)+'HOUSE DATA'!H9*('HOUSE DASHBOARD'!$B$18-53.5))/100 -> 0 | E36: =2*('HOUSE DATA'!I9*('HOUSE DASHBOARD'!$B$21-55.6)+(100-'HOUSE DATA'!I9)*('HOUSE DASHBOARD'!$B$22-44.9))/100 -> 0 | F36: =0 -> 0 | G36: =(D36+E36)/2 -> 0 | H36: ='HOUSE DATA'!C9+C36+G36 -> -18.571568 | I36: =IF(V36="D","D",IF(V36="R","R",IF(H36>=0,"D","R"))) -> R | J36: ='HOUSE DATA'!K9 -> R | K36: =IF(I36=J36,"—",J36&" → "&I36) -> — | L36: =IF(V36="D","D — BALLOT LOCK",IF(V36="R","R — BALLOT LOCK",IF(H36>=0,"D+"&TEXT(H36,"0.00"),"R+"&TEXT(-H36,"0.00")))) -> R+18.57 | M36: =COUNTIF($H$31:$H$465,">"&H36)+COUNTIF($H$31:H36,H36) -> 350 | N36: =IF(V36<>"",100,ABS(H36)) -> 18.571568 | O36: =COUNTIF($N$31:$N$465,"<"&N36)+COUNTIF($N$31:N36,N36) -> 169 | P36: ='HOUSE DATA'!M9 -> -29.531568 | Q36: ='HOUSE DATA'!N9 -> 2024 HOUSE / prior substitute | R36: =H36-P36 -> 10.96 | S36: =B36-P36 -> 9.781301 | T36: =H36-B36 -> 1.178699 | U36: Contested | W36: Both major parties or other ballot arrangement | X36: Standard model; verify if ballot changes
A37: ='HOUSE DATA'!A10 -> AL-06 | B37: ='HOUSE DATA'!B10 -> -25.430455 | C37: =$D$5 -> -0.3 | D37: =2*('HOUSE DATA'!D10*('HOUSE DASHBOARD'!$B$14-42.4)+'HOUSE DATA'!E10*('HOUSE DASHBOARD'!$B$15-54.2)+'HOUSE DATA'!F10*('HOUSE DASHBOARD'!$B$16-85.4)+'HOUSE DATA'!G10*('HOUSE DASHBOARD'!$B$17-60.7)+'HOUSE DATA'!H10*('HOUSE DASHBOARD'!$B$18-53.5))/100 -> 0 | E37: =2*('HOUSE DATA'!I10*('HOUSE DASHBOARD'!$B$21-55.6)+(100-'HOUSE DATA'!I10)*('HOUSE DASHBOARD'!$B$22-44.9))/100 -> 0 | F37: =0 -> 0 | G37: =(D37+E37)/2 -> 0 | H37: ='HOUSE DATA'!C10+C37+G37 -> -23.796098 | I37: =IF(V37="D","D",IF(V37="R","R",IF(H37>=0,"D","R"))) -> R | J37: ='HOUSE DATA'!K10 -> R | K37: =IF(I37=J37,"—",J37&" → "&I37) -> — | L37: =IF(V37="D","D — BALLOT LOCK",IF(V37="R","R — BALLOT LOCK",IF(H37>=0,"D+"&TEXT(H37,"0.00"),"R+"&TEXT(-H37,"0.00")))) -> R+23.80 | M37: =COUNTIF($H$31:$H$465,">"&H37)+COUNTIF($H$31:H37,H37) -> 380 | N37: =IF(V37<>"",100,ABS(H37)) -> 23.796098 | O37: =COUNTIF($N$31:$N$465,"<"&N37)+COUNTIF($N$31:N37,N37) -> 228 | P37: ='HOUSE DATA'!M10 -> -34.756098 | Q37: ='HOUSE DATA'!N10 -> 2024 HOUSE / prior substitute | R37: =H37-P37 -> 10.96 | S37: =B37-P37 -> 9.3256429 | T37: =H37-B37 -> 1.6343571 | U37: Contested | W37: Both major parties or other ballot arrangement | X37: Standard model; verify if ballot changes
A38: ='HOUSE DATA'!A11 -> AL-07 | B38: ='HOUSE DATA'!B11 -> 30.934189 | C38: =$D$5 -> -0.3 | D38: =2*('HOUSE DATA'!D11*('HOUSE DASHBOARD'!$B$14-42.4)+'HOUSE DATA'!E11*('HOUSE DASHBOARD'!$B$15-54.2)+'HOUSE DATA'!F11*('HOUSE DASHBOARD'!$B$16-85.4)+'HOUSE DATA'!G11*('HOUSE DASHBOARD'!$B$17-60.7)+'HOUSE DATA'!H11*('HOUSE DASHBOARD'!$B$18-53.5))/100 -> 0 | E38: =2*('HOUSE DATA'!I11*('HOUSE DASHBOARD'!$B$21-55.6)+(100-'HOUSE DATA'!I11)*('HOUSE DASHBOARD'!$B$22-44.9))/100 -> 0 | F38: =0 -> 0 | G38: =(D38+E38)/2 -> 0 | H38: ='HOUSE DATA'!C11+C38+G38 -> 28.976194 | I38: =IF(V38="D","D",IF(V38="R","R",IF(H38>=0,"D","R"))) -> D | J38: ='HOUSE DATA'!K11 -> D | K38: =IF(I38=J38,"—",J38&" → "&I38) -> — | L38: =IF(V38="D","D — BALLOT LOCK",IF(V38="R","R — BALLOT LOCK",IF(H38>=0,"D+"&TEXT(H38,"0.00"),"R+"&TEXT(-H38,"0.00")))) -> D+28.98 | M38: =COUNTIF($H$31:$H$465,">"&H38)+COUNTIF($H$31:H38,H38) -> 125 | N38: =IF(V38<>"",100,ABS(H38)) -> 28.976194 | O38: =COUNTIF($N$31:$N$465,"<"&N38)+COUNTIF($N$31:N38,N38) -> 271 | P38: ='HOUSE DATA'!M11 -> 18.016194 | Q38: ='HOUSE DATA'!N11 -> 2024 HOUSE / prior substitute | R38: =H38-P38 -> 10.96 | S38: =B38-P38 -> 12.917994 | T38: =H38-B38 -> -1.9579945 | U38: Contested | W38: Both major parties or other ballot arrangement | X38: Standard model; verify if ballot changes
A39: ='HOUSE DATA'!A12 -> AR-01 | B39: ='HOUSE DATA'!B12 -> -39.099402 | C39: =$D$5 -> -0.3 | D39: =2*('HOUSE DATA'!D12*('HOUSE DASHBOARD'!$B$14-42.4)+'HOUSE DATA'!E12*('HOUSE DASHBOARD'!$B$15-54.2)+'HOUSE DATA'!F12*('HOUSE DASHBOARD'!$B$16-85.4)+'HOUSE DATA'!G12*('HOUSE DASHBOARD'!$B$17-60.7)+'HOUSE DATA'!H12*('HOUSE DASHBOARD'!$B$18-53.5))/100 -> 0 | E39: =2*('HOUSE DATA'!I12*('HOUSE DASHBOARD'!$B$21-55.6)+(100-'HOUSE DATA'!I12)*('HOUSE DASHBOARD'!$B$22-44.9))/100 -> 0 | F39: =0 -> 0 | G39: =(D39+E39)/2 -> 0 | H39: ='HOUSE DATA'!C12+C39+G39 -> -39.5 | I39: =IF(V39="D","D",IF(V39="R","R",IF(H39>=0,"D","R"))) -> R | J39: ='HOUSE DATA'!K12 -> R | K39: =IF(I39=J39,"—",J39&" → "&I39) -> — | L39: =IF(V39="D","D — BALLOT LOCK",IF(V39="R","R — BALLOT LOCK",IF(H39>=0,"D+"&TEXT(H39,"0.00"),"R+"&TEXT(-H39,"0.00")))) -> R+39.50 | M39: =COUNTIF($H$31:$H$465,">"&H39)+COUNTIF($H$31:H39,H39) -> 426 | N39: =IF(V39<>"",100,ABS(H39)) -> 39.5 | O39: =COUNTIF($N$31:$N$465,"<"&N39)+COUNTIF($N$31:N39,N39) -> 335 | P39: ='HOUSE DATA'!M12 -> -50.46 | Q39: ='HOUSE DATA'!N12 -> 2024 HOUSE / prior substitute | R39: =H39-P39 -> 10.96 | S39: =B39-P39 -> 11.360598 | T39: =H39-B39 -> -0.40059838 | U39: Contested | W39: Both major parties or other ballot arrangement | X39: Standard model; verify if ballot changes
A40: ='HOUSE DATA'!A13 -> AR-02 | B40: ='HOUSE DATA'!B13 -> -6.9580952 | C40: =$D$5 -> -0.3 | D40: =2*('HOUSE DATA'!D13*('HOUSE DASHBOARD'!$B$14-42.4)+'HOUSE DATA'!E13*('HOUSE DASHBOARD'!$B$15-54.2)+'HOUSE DATA'!F13*('HOUSE DASHBOARD'!$B$16-85.4)+'HOUSE DATA'!G13*('HOUSE DASHBOARD'!$B$17-60.7)+'HOUSE DATA'!H13*('HOUSE DASHBOARD'!$B$18-53.5))/100 -> 0 | E40: =2*('HOUSE DATA'!I13*('HOUSE DASHBOARD'!$B$21-55.6)+(100-'HOUSE DATA'!I13)*('HOUSE DASHBOARD'!$B$22-44.9))/100 -> 0 | F40: =0 -> 0 | G40: =(D40+E40)/2 -> 0 | H40: ='HOUSE DATA'!C13+C40+G40 -> -6.9 | I40: =IF(V40="D","D",IF(V40="R","R",IF(H40>=0,"D","R"))) -> R | J40: ='HOUSE DATA'!K13 -> R | K40: =IF(I40=J40,"—",J40&" → "&I40) -> — | L40: =IF(V40="D","D — BALLOT LOCK",IF(V40="R","R — BALLOT LOCK",IF(H40>=0,"D+"&TEXT(H40,"0.00"),"R+"&TEXT(-H40,"0.00")))) -> R+6.90 | M40: =COUNTIF($H$31:$H$465,">"&H40)+COUNTIF($H$31:H40,H40) -> 280 | N40: =IF(V40<>"",100,ABS(H40)) -> 6.9 | O40: =COUNTIF($N$31:$N$465,"<"&N40)+COUNTIF($N$31:N40,N40) -> 57 | P40: ='HOUSE DATA'!M13 -> -17.86 | Q40: ='HOUSE DATA'!N13 -> 2024 HOUSE / prior substitute | R40: =H40-P40 -> 10.96 | S40: =B40-P40 -> 10.901905 | T40: =H40-B40 -> 0.058095199 | U40: Contested | W40: Both major parties or other ballot arrangement | X40: Standard model; verify if ballot changes
A41: ='HOUSE DATA'!A14 -> AR-03 | B41: ='HOUSE DATA'!B14 -> -23.054684 | C41: =$D$5 -> -0.3 | D41: =2*('HOUSE DATA'!D14*('HOUSE DASHBOARD'!$B$14-42.4)+'HOUSE DATA'!E14*('HOUSE DASHBOARD'!$B$15-54.2)+'HOUSE DATA'!F14*('HOUSE DASHBOARD'!$B$16-85.4)+'HOUSE DATA'!G14*('HOUSE DASHBOARD'!$B$17-60.7)+'HOUSE DATA'!H14*('HOUSE DASHBOARD'!$B$18-53.5))/100 -> 0 | E41: =2*('HOUSE DATA'!I14*('HOUSE DASHBOARD'!$B$21-55.6)+(100-'HOUSE DATA'!I14)*('HOUSE DASHBOARD'!$B$22-44.9))/100 -> 0 | F41: =0 -> 0 | G41: =(D41+E41)/2 -> 0 | H41: ='HOUSE DATA'!C14+C41+G41 -> -22.56 | I41: =IF(V41="D","D",IF(V41="R","R",IF(H41>=0,"D","R"))) -> R | J41: ='HOUSE DATA'!K14 -> R | K41: =IF(I41=J41,"—",J41&" → "&I41) -> — | L41: =IF(V41="D","D — BALLOT LOCK",IF(V41="R","R — BALLOT LOCK",IF(H41>=0,"D+"&TEXT(H41,"0.00"),"R+"&TEXT(-H41,"0.00")))) -> R+22.56 | M41: =COUNTIF($H$31:$H$465,">"&H41)+COUNTIF($H$31:H41,H41) -> 373 | N41: =IF(V41<>"",100,ABS(H41)) -> 22.56 | O41: =COUNTIF($N$31:$N$465,"<"&N41)+COUNTIF($N$31:N41,N41) -> 215 | P41: ='HOUSE DATA'!M14 -> -33.52 | Q41: ='HOUSE DATA'!N14 -> 2024 HOUSE / prior substitute | R41: =H41-P41 -> 10.96 | S41: =B41-P41 -> 10.465316 | T41: =H41-B41 -> 0.49468375 | U41: Contested | W41: Both major parties or other ballot arrangement | X41: Standard model; verify if ballot changes
A42: ='HOUSE DATA'!A15 -> AR-04 | B42: ='HOUSE DATA'!B15 -> -34.156733 | C42: =$D$5 -> -0.3 | D42: =2*('HOUSE DATA'!D15*('HOUSE DASHBOARD'!$B$14-42.4)+'HOUSE DATA'!E15*('HOUSE DASHBOARD'!$B$15-54.2)+'HOUSE DATA'!F15*('HOUSE DASHBOARD'!$B$16-85.4)+'HOUSE DATA'!G15*('HOUSE DASHBOARD'!$B$17-60.7)+'HOUSE DATA'!H15*('HOUSE DASHBOARD'!$B$18-53.5))/100 -> 0 | E42: =2*('HOUSE DATA'!I15*('HOUSE DASHBOARD'!$B$21-55.6)+(100-'HOUSE DATA'!I15)*('HOUSE DASHBOARD'!$B$22-44.9))/100 -> 0 | F42: =0 -> 0 | G42: =(D42+E42)/2 -> 0 | H42: ='HOUSE DATA'!C15+C42+G42 -> -34.86 | I42: =IF(V42="D","D",IF(V42="R","R",IF(H42>=0,"D","R"))) -> R | J42: ='HOUSE DATA'!K15 -> R | K42: =IF(I42=J42,"—",J42&" → "&I42) -> — | L42: =IF(V42="D","D — BALLOT LOCK",IF(V42="R","R — BALLOT LOCK",IF(H42>=0,"D+"&TEXT(H42,"0.00"),"R+"&TEXT(-H42,"0.00")))) -> R+34.86 | M42: =COUNTIF($H$31:$H$465,">"&H42)+COUNTIF($H$31:H42,H42) -> 412 | N42: =IF(V42<>"",100,ABS(H42)) -> 34.86 | O42: =COUNTIF($N$31:$N$465,"<"&N42)+COUNTIF($N$31:N42,N42) -> 306 | P42: ='HOUSE DATA'!M15 -> -45.82 | Q42: ='HOUSE DATA'!N15 -> 2024 HOUSE / prior substitute | R42: =H42-P42 -> 10.96 | S42: =B42-P42 -> 11.663267 | T42: =H42-B42 -> -0.70326722 | U42: Contested | W42: Both major parties or other ballot arrangement | X42: Standard model; verify if ballot changes
... A54: ='HOUSE DATA'!A27 -> CA-03 | B54: ='HOUSE DATA'!B27 -> 18.966124 | C54: =$D$5 -> -0.3 | D54: =2*('HOUSE DATA'!D27*('HOUSE DASHBOARD'!$B$14-42.4)+'HOUSE DATA'!E27*('HOUSE DASHBOARD'!$B$15-54.2)+'HOUSE DATA'!F27*('HOUSE DASHBOARD'!$B$16-85.4)+'HOUSE DATA'!G27*('HOUSE DASHBOARD'!$B$17-60.7)+'HOUSE DATA'!H27*('HOUSE DASHBOARD'!$B$18-53.5))/100 -> 0 | E54: =2*('HOUSE DATA'!I27*('HOUSE DASHBOARD'!$B$21-55.6)+(100-'HOUSE DATA'!I27)*('HOUSE DASHBOARD'!$B$22-44.9))/100 -> 0 | F54: =0 -> 0 | G54: =(D54+E54)/2 -> 0 | H54: ='HOUSE DATA'!C27+C54+G54 -> 21.376667 | I54: =IF(V54="D","D",IF(V54="R","R",IF(H54>=0,"D","R"))) -> D | J54: ='HOUSE DATA'!K27 -> R | K54: =IF(I54=J54,"—",J54&" → "&I54) -> R → D | L54: =IF(V54="D","D — BALLOT LOCK",IF(V54="R","R — BALLOT LOCK",IF(H54>=0,"D+"&TEXT(H54,"0.00"),"R+"&TEXT(-H54,"0.00")))) -> D+21.38 | M54: =COUNTIF($H$31:$H$465,">"&H54)+COUNTIF($H$31:H54,H54) -> 162 | N54: =IF(V54<>"",100,ABS(H54)) -> 21.376667 | O54: =COUNTIF($N$31:$N$465,"<"&N54)+COUNTIF($N$31:N54,N54) -> 202 | P54: ='HOUSE DATA'!M27 -> 10.416667 | Q54: ='HOUSE DATA'!N27 -> 2024 HOUSE / prior substitute | R54: =H54-P54 -> 10.96 | S54: =B54-P54 -> 8.5494569 | T54: =H54-B54 -> 2.4105431 | U54: Contested | W54: Both major parties or other ballot arrangement | X54: Standard model; verify if ballot changes
A55: ='HOUSE DATA'!A28 -> CA-04 | B55: ='HOUSE DATA'!B28 -> 26.064555 | C55: =$D$5 -> -0.3 | D55: =2*('HOUSE DATA'!D28*('HOUSE DASHBOARD'!$B$14-42.4)+'HOUSE DATA'!E28*('HOUSE DASHBOARD'!$B$15-54.2)+'HOUSE DATA'!F28*('HOUSE DASHBOARD'!$B$16-85.4)+'HOUSE DATA'!G28*('HOUSE DASHBOARD'!$B$17-60.7)+'HOUSE DATA'!H28*('HOUSE DASHBOARD'!$B$18-53.5))/100 -> 0 | E55: =2*('HOUSE DATA'!I28*('HOUSE DASHBOARD'!$B$21-55.6)+(100-'HOUSE DATA'!I28)*('HOUSE DASHBOARD'!$B$22-44.9))/100 -> 0 | F55: =0 -> 0 | G55: =(D55+E55)/2 -> 0 | H55: ='HOUSE DATA'!C28+C55+G55 -> 26.423918 | I55: =IF(V55="D","D",IF(V55="R","R",IF(H55>=0,"D","R"))) -> D | J55: ='HOUSE DATA'!K28 -> D | K55: =IF(I55=J55,"—",J55&" → "&I55) -> — | L55: =IF(V55="D","D — BALLOT LOCK",IF(V55="R","R — BALLOT LOCK",IF(H55>=0,"D+"&TEXT(H55,"0.00"),"R+"&TEXT(-H55,"0.00")))) -> D — BALLOT LOCK | M55: =COUNTIF($H$31:$H$465,">"&H55)+COUNTIF($H$31:H55,H55) -> 137 | N55: =IF(V55<>"",100,ABS(H55)) -> 100 | O55: =COUNTIF($N$31:$N$465,"<"&N55)+COUNTIF($N$31:N55,N55) -> 422 | P55: ='HOUSE DATA'!M28 -> 15.463918 | Q55: ='HOUSE DATA'!N28 -> 2024 HOUSE / prior substitute | R55: =H55-P55 -> 10.96 | S55: =B55-P55 -> 10.600637 | T55: =H55-B55 -> 0.35936268 | U55: Two Democrats | V55: D | W55: California top-two primary: two Democrats advanced | X55: Ballot lock: both general-election candidates are Democrats
A56: ='HOUSE DATA'!A29 -> CA-05 | B56: ='HOUSE DATA'!B29 -> -11.34087 | C56: =$D$5 -> -0.3 | D56: =2*('HOUSE DATA'!D29*('HOUSE DASHBOARD'!$B$14-42.4)+'HOUSE DATA'!E29*('HOUSE DASHBOARD'!$B$15-54.2)+'HOUSE DATA'!F29*('HOUSE DASHBOARD'!$B$16-85.4)+'HOUSE DATA'!G29*('HOUSE DASHBOARD'!$B$17-60.7)+'HOUSE DATA'!H29*('HOUSE DASHBOARD'!$B$18-53.5))/100 -> 0 | E56: =2*('HOUSE DATA'!I29*('HOUSE DASHBOARD'!$B$21-55.6)+(100-'HOUSE DATA'!I29)*('HOUSE DASHBOARD'!$B$22-44.9))/100 -> 0 | F56: =0 -> 0 | G56: =(D56+E56)/2 -> 0 | H56: ='HOUSE DATA'!C29+C56+G56 -> -10.689485 | I56: =IF(V56="D","D",IF(V56="R","R",IF(H56>=0,"D","R"))) -> R | J56: ='HOUSE DATA'!K29 -> R | K56: =IF(I56=J56,"—",J56&" → "&I56) -> — | L56: =IF(V56="D","D — BALLOT LOCK",IF(V56="R","R — BALLOT LOCK",IF(H56>=0,"D+"&TEXT(H56,"0.00"),"R+"&TEXT(-H56,"0.00")))) -> R+10.69 | M56: =COUNTIF($H$31:$H$465,">"&H56)+COUNTIF($H$31:H56,H56) -> 308 | N56: =IF(V56<>"",100,ABS(H56)) -> 10.689485 | O56: =COUNTIF($N$31:$N$465,"<"&N56)+COUNTIF($N$31:N56,N56) -> 98 | P56: ='HOUSE DATA'!M29 -> -21.649485 | Q56: ='HOUSE DATA'!N29 -> 2024 HOUSE / prior substitute | R56: =H56-P56 -> 10.96 | S56: =B56-P56 -> 10.308615 | T56: =H56-B56 -> 0.65138543 | U56: Contested | W56: Both major parties or other ballot arrangement | X56: Standard model; verify if ballot changes
A57: ='HOUSE DATA'!A30 -> CA-06 | B57: ='HOUSE DATA'!B30 -> 20.854627 | C57: =$D$5 -> -0.3 | D57: =2*('HOUSE DATA'!D30*('HOUSE DASHBOARD'!$B$14-42.4)+'HOUSE DATA'!E30*('HOUSE DASHBOARD'!$B$15-54.2)+'HOUSE DATA'!F30*('HOUSE DASHBOARD'!$B$16-85.4)+'HOUSE DATA'!G30*('HOUSE DASHBOARD'!$B$17-60.7)+'HOUSE DATA'!H30*('HOUSE DASHBOARD'!$B$18-53.5))/100 -> 0 | E57: =2*('HOUSE DATA'!I30*('HOUSE DASHBOARD'!$B$21-55.6)+(100-'HOUSE DATA'!I30)*('HOUSE DASHBOARD'!$B$22-44.9))/100 -> 0 | F57: =0 -> 0 | G57: =(D57+E57)/2 -> 0 | H57: ='HOUSE DATA'!C30+C57+G57 -> 20.238351 | I57: =IF(V57="D","D",IF(V57="R","R",IF(H57>=0,"D","R"))) -> D | J57: ='HOUSE DATA'!K30 -> D | K57: =IF(I57=J57,"—",J57&" → "&I57) -> — | L57: =IF(V57="D","D — BALLOT LOCK",IF(V57="R","R — BALLOT LOCK",IF(H57>=0,"D+"&TEXT(H57,"0.00"),"R+"&TEXT(-H57,"0.00")))) -> D+20.24 | M57: =COUNTIF($H$31:$H$465,">"&H57)+COUNTIF($H$31:H57,H57) -> 166 | N57: =IF(V57<>"",100,ABS(H57)) -> 20.238351 | O57: =COUNTIF($N$31:$N$465,"<"&N57)+COUNTIF($N$31:N57,N57) -> 188 | P57: ='HOUSE DATA'!M30 -> 9.2783505 | Q57: ='HOUSE DATA'!N30 -> 2024 HOUSE / prior substitute | R57: =H57-P57 -> 10.96 | S57: =B57-P57 -> 11.576277 | T57: =H57-B57 -> -0.61627675 | U57: Contested | W57: Both major parties or other ballot arrangement | X57: Standard model; verify if ballot changes
A58: ='HOUSE DATA'!A31 -> CA-07 | B58: ='HOUSE DATA'!B31 -> 26.154095 | C58: =$D$5 -> -0.3 | D58: =2*('HOUSE DATA'!D31*('HOUSE DASHBOARD'!$B$14-42.4)+'HOUSE DATA'!E31*('HOUSE DASHBOARD'!$B$15-54.2)+'HOUSE DATA'!F31*('HOUSE DASHBOARD'!$B$16-85.4)+'HOUSE DATA'!G31*('HOUSE DASHBOARD'!$B$17-60.7)+'HOUSE DATA'!H31*('HOUSE DASHBOARD'!$B$18-53.5))/100 -> 0 | E58: =2*('HOUSE DATA'!I31*('HOUSE DASHBOARD'!$B$21-55.6)+(100-'HOUSE DATA'!I31)*('HOUSE DASHBOARD'!$B$22-44.9))/100 -> 0 | F58: =0 -> 0 | G58: =(D58+E58)/2 -> 0 | H58: ='HOUSE DATA'!C31+C58+G58 -> 24.362062 | I58: =IF(V58="D","D",IF(V58="R","R",IF(H58>=0,"D","R"))) -> D | J58: ='HOUSE DATA'!K31 -> D | K58: =IF(I58=J58,"—",J58&" → "&I58) -> — | L58: =IF(V58="D","D — BALLOT LOCK",IF(V58="R","R — BALLOT LOCK",IF(H58>=0,"D+"&TEXT(H58,"0.00"),"R+"&TEXT(-H58,"0.00")))) -> D — BALLOT LOCK | M58: =COUNTIF($H$31:$H$465,">"&H58)+COUNTIF($H$31:H58,H58) -> 145 | N58: =IF(V58<>"",100,ABS(H58)) -> 100 | O58: =COUNTIF($N$31:$N$465,"<"&N58)+COUNTIF($N$31:N58,N58) -> 423 | P58: ='HOUSE DATA'!M31 -> 13.402062 | Q58: ='HOUSE DATA'!N31 -> 2024 HOUSE / prior substitute | R58: =H58-P58 -> 10.96 | S58: =B58-P58 -> 12.752033 | T58: =H58-B58 -> -1.792033 | U58: Two Democrats | V58: D | W58: California top-two primary: two Democrats advanced | X58: Ballot lock: both general-election candidates are Democrats
A59: ='HOUSE DATA'!A32 -> CA-08 | B59: ='HOUSE DATA'!B32 -> 48.10068 | C59: =$D$5 -> -0.3 | D59: =2*('HOUSE DATA'!D32*('HOUSE DASHBOARD'!$B$14-42.4)+'HOUSE DATA'!E32*('HOUSE DASHBOARD'!$B$15-54.2)+'HOUSE DATA'!F32*('HOUSE DASHBOARD'!$B$16-85.4)+'HOUSE DATA'!G32*('HOUSE DASHBOARD'!$B$17-60.7)+'HOUSE DATA'!H32*('HOUSE DASHBOARD'!$B$18-53.5))/100 -> 0 | E59: =2*('HOUSE DATA'!I32*('HOUSE DASHBOARD'!$B$21-55.6)+(100-'HOUSE DATA'!I32)*('HOUSE DASHBOARD'!$B$22-44.9))/100 -> 0 | F59: =0 -> 0 | G59: =(D59+E59)/2 -> 0 | H59: ='HOUSE DATA'!C32+C59+G59 -> 46.376667 | I59: =IF(V59="D","D",IF(V59="R","R",IF(H59>=0,"D","R"))) -> D | J59: ='HOUSE DATA'!K32 -> D | K59: =IF(I59=J59,"—",J59&" → "&I59) -> — | L59: =IF(V59="D","D — BALLOT LOCK",IF(V59="R","R — BALLOT LOCK",IF(H59>=0,"D+"&TEXT(H59,"0.00"),"R+"&TEXT(-H59,"0.00")))) -> D+46.38 | M59: =COUNTIF($H$31:$H$465,">"&H59)+COUNTIF($H$31:H59,H59) -> 68 | N59: =IF(V59<>"",100,ABS(H59)) -> 46.376667 | O59: =COUNTIF($N$31:$N$465,"<"&N59)+COUNTIF($N$31:N59,N59) -> 356 | P59: ='HOUSE DATA'!M32 -> 35.416667 | Q59: ='HOUSE DATA'!N32 -> 2024 HOUSE / prior substitute | R59: =H59-P59 -> 10.96 | S59: =B59-P59 -> 12.684013 | T59: =H59-B59 -> -1.7240134 | U59: Contested | W59: Both major parties or other ballot arrangement | X59: Standard model; verify if ballot changes
A60: ='HOUSE DATA'!A33 -> CA-09 | B60: ='HOUSE DATA'!B33 -> 24.367449 | C60: =$D$5 -> -0.3 | D60: =2*('HOUSE DATA'!D33*('HOUSE DASHBOARD'!$B$14-42.4)+'HOUSE DATA'!E33*('HOUSE DASHBOARD'!$B$15-54.2)+'HOUSE DATA'!F33*('HOUSE DASHBOARD'!$B$16-85.4)+'HOUSE DATA'!G33*('HOUSE DASHBOARD'!$B$17-60.7)+'HOUSE DATA'!H33*('HOUSE DASHBOARD'!$B$18-53.5))/100 -> 0 | E60: =2*('HOUSE DATA'!I33*('HOUSE DASHBOARD'!$B$21-55.6)+(100-'HOUSE DATA'!I33)*('HOUSE DASHBOARD'!$B$22-44.9))/100 -> 0 | F60: =0 -> 0 | G60: =(D60+E60)/2 -> 0 | H60: ='HOUSE DATA'!C33+C60+G60 -> 22.300206 | I60: =IF(V60="D","D",IF(V60="R","R",IF(H60>=0,"D","R"))) -> D | J60: ='HOUSE DATA'!K33 -> D | K60: =IF(I60=J60,"—",J60&" → "&I60) -> — | L60: =IF(V60="D","D — BALLOT LOCK",IF(V60="R","R — BALLOT LOCK",IF(H60>=0,"D+"&TEXT(H60,"0.00"),"R+"&TEXT(-H60,"0.00")))) -> D+22.30 | M60: =COUNTIF($H$31:$H$465,">"&H60)+COUNTIF($H$31:H60,H60) -> 159 | N60: =IF(V60<>"",100,ABS(H60)) -> 22.300206 | O60: =COUNTIF($N$31:$N$465,"<"&N60)+COUNTIF($N$31:N60,N60) -> 212 | P60: ='HOUSE DATA'!M33 -> 11.340206 | Q60: ='HOUSE DATA'!N33 -> 2024 HOUSE / prior substitute | R60: =H60-P60 -> 10.96 | S60: =B60-P60 -> 13.027243 | T60: =H60-B60 -> -2.0672433 | U60: Contested | W60: Both major parties or other ballot arrangement | X60: Standard model; verify if ballot changes
A61: ='HOUSE DATA'!A34 -> CA-10 | B61: ='HOUSE DATA'!B34 -> 44.355141 | C61: =$D$5 -> -0.3 | D61: =2*('HOUSE DATA'!D34*('HOUSE DASHBOARD'!$B$14-42.4)+'HOUSE DATA'!E34*('HOUSE DASHBOARD'!$B$15-54.2)+'HOUSE DATA'!F34*('HOUSE DASHBOARD'!$B$16-85.4)+'HOUSE DATA'!G34*('HOUSE DASHBOARD'!$B$17-60.7)+'HOUSE DATA'!H34*('HOUSE DASHBOARD'!$B$18-53.5))/100 -> 0 | E61: =2*('HOUSE DATA'!I34*('HOUSE DASHBOARD'!$B$21-55.6)+(100-'HOUSE DATA'!I34)*('HOUSE DASHBOARD'!$B$22-44.9))/100 -> 0 | F61: =0 -> 0 | G61: =(D61+E61)/2 -> 0 | H61: ='HOUSE DATA'!C34+C61+G61 -> 44.980619 | I61: =IF(V61="D","D",IF(V61="R","R",IF(H61>=0,"D","R"))) -> D | J61: ='HOUSE DATA'!K34 -> D | K61: =IF(I61=J61,"—",J61&" → "&I61) -> — | L61: =IF(V61="D","D — BALLOT LOCK",IF(V61="R","R — BALLOT LOCK",IF(H61>=0,"D+"&TEXT(H61,"0.00"),"R+"&TEXT(-H61,"0.00")))) -> D+44.98 | M61: =COUNTIF($H$31:$H$465,">"&H61)+COUNTIF($H$31:H61,H61) -> 76 | N61: =IF(V61<>"",100,ABS(H61)) -> 44.980619 | O61: =COUNTIF($N$31:$N$465,"<"&N61)+COUNTIF($N$31:N61,N61) -> 350 | P61: ='HOUSE DATA'!M34 -> 34.020619 | Q61: ='HOUSE DATA'!N34 -> 2024 HOUSE / prior substitute | R61: =H61-P61 -> 10.96 | S61: =B61-P61 -> 10.334523 | T61: =H61-B61 -> 0.62547729 | U61: Contested | W61: Both major parties or other ballot arrangement | X61: Standard model; verify if ballot changes
A62: ='HOUSE DATA'!A35 -> CA-11 | B62: ='HOUSE DATA'!B35 -> 79.021188 | C62: =$D$5 -> -0.3 | D62: =2*('HOUSE DATA'!D35*('HOUSE DASHBOARD'!$B$14-42.4)+'HOUSE DATA'!E35*('HOUSE DASHBOARD'!$B$15-54.2)+'HOUSE DATA'!F35*('HOUSE DASHBOARD'!$B$16-85.4)+'HOUSE DATA'!G35*('HOUSE DASHBOARD'!$B$17-60.7)+'HOUSE DATA'!H35*('HOUSE DASHBOARD'!$B$18-53.5))/100 -> 0 | E62: =2*('HOUSE DATA'!I35*('HOUSE DASHBOARD'!$B$21-55.6)+(100-'HOUSE DATA'!I35)*('HOUSE DASHBOARD'!$B$22-44.9))/100 -> 0 | F62: =0 -> 0 | G62: =(D62+E62)/2 -> 0 | H62: ='HOUSE DATA'!C35+C62+G62 -> 78.27 | I62: =IF(V62="D","D",IF(V62="R","R",IF(H62>=0,"D","R"))) -> D | J62: ='HOUSE DATA'!K35 -> D | K62: =IF(I62=J62,"—",J62&" → "&I62) -> — | L62: =IF(V62="D","D — BALLOT LOCK",IF(V62="R","R — BALLOT LOCK",IF(H62>=0,"D+"&TEXT(H62,"0.00"),"R+"&TEXT(-H62,"0.00")))) -> D — BALLOT LOCK | M62: =COUNTIF($H$31:$H$465,">"&H62)+COUNTIF($H$31:H62,H62) -> 6 | N62: =IF(V62<>"",100,ABS(H62)) -> 100 | O62: =COUNTIF($N$31:$N$465,"<"&N62)+COUNTIF($N$31:N62,N62) -> 424 | P62: ='HOUSE DATA'!M35 -> 67.72 | Q62: ='HOUSE DATA'!N35 -> 2024 PRESIDENT (open seat) | R62: =H62-P62 -> 10.55 | S62: =B62-P62 -> 11.301188 | T62: =H62-B62 -> -0.75118802 | U62: Two Democrats | V62: D | W62: California top-two primary: two Democrats advanced | X62: Ballot lock: both general-election candidates are Democrats
A63: ='HOUSE DATA'!A36 -> CA-12 | B63: ='HOUSE DATA'!B36 -> 88.379087 | C63: =$D$5 -> -0.3 | D63: =2*('HOUSE DATA'!D36*('HOUSE DASHBOARD'!$B$14-42.4)+'HOUSE DATA'!E36*('HOUSE DASHBOARD'!$B$15-54.2)+'HOUSE DATA'!F36*('HOUSE DASHBOARD'!$B$16-85.4)+'HOUSE DATA'!G36*('HOUSE DASHBOARD'!$B$17-60.7)+'HOUSE DATA'!H36*('HOUSE DASHBOARD'!$B$18-53.5))/100 -> 0 | E63: =2*('HOUSE DATA'!I36*('HOUSE DASHBOARD'!$B$21-55.6)+(100-'HOUSE DATA'!I36)*('HOUSE DASHBOARD'!$B$22-44.9))/100 -> 0 | F63: =0 -> 0 | G63: =(D63+E63)/2 -> 0 | H63: ='HOUSE DATA'!C36+C63+G63 -> 88.043333 | I63: =IF(V63="D","D",IF(V63="R","R",IF(H63>=0,"D","R"))) -> D | J63: ='HOUSE DATA'!K36 -> D | K63: =IF(I63=J63,"—",J63&" → "&I63) -> — | L63: =IF(V63="D","D — BALLOT LOCK",IF(V63="R","R — BALLOT LOCK",IF(H63>=0,"D+"&TEXT(H63,"0.00"),"R+"&TEXT(-H63,"0.00")))) -> D — BALLOT LOCK | M63: =COUNTIF($H$31:$H$465,">"&H63)+COUNTIF($H$31:H63,H63) -> 2 | N63: =IF(V63<>"",100,ABS(H63)) -> 100 | O63: =COUNTIF($N$31:$N$465,"<"&N63)+COUNTIF($N$31:N63,N63) -> 425 | P63: ='HOUSE DATA'!M36 -> 77.083333 | Q63: ='HOUSE DATA'!N36 -> 2024 HOUSE / prior substitute | R63: =H63-P63 -> 10.96 | S63: =B63-P63 -> 11.295753 | T63: =H63-B63 -> -0.33575348 | U63: Two Democrats | V63: D | W63: California top-two primary: two Democrats advanced | X63: Ballot lock: both general-election candidates are Democrats
A64: ='HOUSE DATA'!A37 -> CA-13 | B64: ='HOUSE DATA'!B37 -> 16.00698 | C64: =$D$5 -> -0.3 | D64: =2*('HOUSE DATA'!D37*('HOUSE DASHBOARD'!$B$14-42.4)+'HOUSE DATA'!E37*('HOUSE DASHBOARD'!$B$15-54.2)+'HOUSE DATA'!F37*('HOUSE DASHBOARD'!$B$16-85.4)+'HOUSE DATA'!G37*('HOUSE DASHBOARD'!$B$17-60.7)+'HOUSE DATA'!H37*('HOUSE DASHBOARD'!$B$18-53.5))/100 -> 0 | E64: =2*('HOUSE DATA'!I37*('HOUSE DASHBOARD'!$B$21-55.6)+(100-'HOUSE DATA'!I37)*('HOUSE DASHBOARD'!$B$22-44.9))/100 -> 0 | F64: =0 -> 0 | G64: =(D64+E64)/2 -> 0 | H64: ='HOUSE DATA'!C37+C64+G64 -> 11.990928 | I64: =IF(V64="D","D",IF(V64="R","R",IF(H64>=0,"D","R"))) -> D | J64: ='HOUSE DATA'!K37 -> D | K64: =IF(I64=J64,"—",J64&" → "&I64) -> — | L64: =IF(V64="D","D — BALLOT LOCK",IF(V64="R","R — BALLOT LOCK",IF(H64>=0,"D+"&TEXT(H64,"0.00"),"R+"&TEXT(-H64,"0.00")))) -> D+11.99 | M64: =COUNTIF($H$31:$H$465,">"&H64)+COUNTIF($H$31:H64,H64) -> 208 | N64: =IF(V64<>"",100,ABS(H64)) -> 11.990928 | O64: =COUNTIF($N$31:$N$465,"<"&N64)+COUNTIF($N$31:N64,N64) -> 109 | P64: ='HOUSE DATA'!M37 -> 1.0309278 | Q64: ='HOUSE DATA'!N37 -> 2024 HOUSE / prior substitute | R64: =H64-P64 -> 10.96 | S64: =B64-P64 -> 14.976052 | T64: =H64-B64 -> -4.0160522 | U64: Contested | W64: Both major parties or other ballot arrangement | X64: Standard model; verify if ballot changes
A65: ='HOUSE DATA'!A38 -> CA-14 | B65: ='HOUSE DATA'!B38 -> 48.292747 | C65: =$D$5 -> -0.3 | D65: =2*('HOUSE DATA'!D38*('HOUSE DASHBOARD'!$B$14-42.4)+'HOUSE DATA'!E38*('HOUSE DASHBOARD'!$B$15-54.2)+'HOUSE DATA'!F38*('HOUSE DASHBOARD'!$B$16-85.4)+'HOUSE DATA'!G38*('HOUSE DASHBOARD'!$B$17-60.7)+'HOUSE DATA'!H38*('HOUSE DASHBOARD'!$B$18-53.5))/100 -> 0 | E65: =2*('HOUSE DATA'!I38*('HOUSE DASHBOARD'!$B$21-55.6)+(100-'HOUSE DATA'!I38)*('HOUSE DASHBOARD'!$B$22-44.9))/100 -> 0 | F65: =0 -> 0 | G65: =(D65+E65)/2 -> 0 | H65: ='HOUSE DATA'!C38+C65+G65 -> 46.376667 | I65: =IF(V65="D","D",IF(V65="R","R",IF(H65>=0,"D","R"))) -> D | J65: ='HOUSE DATA'!K38 -> D | K65: =IF(I65=J65,"—",J65&" → "&I65) -> — | L65: =IF(V65="D","D — BALLOT LOCK",IF(V65="R","R — BALLOT LOCK",IF(H65>=0,"D+"&TEXT(H65,"0.00"),"R+"&TEXT(-H65,"0.00")))) -> D — BALLOT LOCK | M65: =COUNTIF($H$31:$H$465,">"&H65)+COUNTIF($H$31:H65,H65) -> 69 | N65: =IF(V65<>"",100,ABS(H65)) -> 100 | O65: =COUNTIF($N$31:$N$465,"<"&N65)+COUNTIF($N$31:N65,N65) -> 426 | P65: ='HOUSE DATA'!M38 -> 35.416667 | Q65: ='HOUSE DATA'!N38 -> 2024 HOUSE / prior substitute | R65: =H65-P65 -> 10.96 | S65: =B65-P65 -> 12.876081 | T65: =H65-B65 -> -1.9160807 | U65: Two Democrats | V65: D | W65: California top-two primary: two Democrats advanced | X65: Ballot lock: both general-election candidates are Democrats
A66: ='HOUSE DATA'!A39 -> CA-15 | B66: ='HOUSE DATA'!B39 -> 62.987465 | C66: =$D$5 -> -0.3 | D66: =2*('HOUSE DATA'!D39*('HOUSE DASHBOARD'!$B$14-42.4)+'HOUSE DATA'!E39*('HOUSE DASHBOARD'!$B$15-54.2)+'HOUSE DATA'!F39*('HOUSE DASHBOARD'!$B$16-85.4)+'HOUSE DATA'!G39*('HOUSE DASHBOARD'!$B$17-60.7)+'HOUSE DATA'!H39*('HOUSE DASHBOARD'!$B$18-53.5))/100 -> 0 | E66: =2*('HOUSE DATA'!I39*('HOUSE DASHBOARD'!$B$21-55.6)+(100-'HOUSE DATA'!I39)*('HOUSE DASHBOARD'!$B$22-44.9))/100 -> 0 | F66: =0 -> 0 | G66: =(D66+E66)/2 -> 0 | H66: ='HOUSE DATA'!C39+C66+G66 -> 60.96 | I66: =IF(V66="D","D",IF(V66="R","R",IF(H66>=0,"D","R"))) -> D | J66: ='HOUSE DATA'!K39 -> D | K66: =IF(I66=J66,"—",J66&" → "&I66) -> — | L66: =IF(V66="D","D — BALLOT LOCK",IF(V66="R","R — BALLOT LOCK",IF(H66>=0,"D+"&TEXT(H66,"0.00"),"R+"&TEXT(-H66,"0.00")))) -> D+60.96 | M66: =COUNTIF($H$31:$H$465,">"&H66)+COUNTIF($H$31:H66,H66) -> 30 | N66: =IF(V66<>"",100,ABS(H66)) -> 60.96 | O66: =COUNTIF($N$31:$N$465,"<"&N66)+COUNTIF($N$31:N66,N66) -> 396 | P66: ='HOUSE DATA'!M39 -> 50 | Q66: ='HOUSE DATA'!N39 -> 2024 HOUSE / prior substitute | R66: =H66-P66 -> 10.96 | S66: =B66-P66 -> 12.987465 | T66: =H66-B66 -> -2.027465 | U66: Contested | W66: Both major parties or other ballot arrangement | X66: Standard model; verify if ballot changes
A67: ='HOUSE DATA'!A40 -> CA-16 | B67: ='HOUSE DATA'!B40 -> 61.04996 | C67: =$D$5 -> -0.3 | D67: =2*('HOUSE DATA'!D40*('HOUSE DASHBOARD'!$B$14-42.4)+'HOUSE DATA'!E40*('HOUSE DASHBOARD'!$B$15-54.2)+'HOUSE DATA'!F40*('HOUSE DASHBOARD'!$B$16-85.4)+'HOUSE DATA'!G40*('HOUSE DASHBOARD'!$B$17-60.7)+'HOUSE DATA'!H40*('HOUSE DASHBOARD'!$B$18-53.5))/100 -> 0 | E67: =2*('HOUSE DATA'!I40*('HOUSE DASHBOARD'!$B$21-55.6)+(100-'HOUSE DATA'!I40)*('HOUSE DASHBOARD'!$B$22-44.9))/100 -> 0 | F67: =0 -> 0 | G67: =(D67+E67)/2 -> 0 | H67: ='HOUSE DATA'!C40+C67+G67 -> 60.96 | I67: =IF(V67="D","D",IF(V67="R","R",IF(H67>=0,"D","R"))) -> D | J67: ='HOUSE DATA'!K40 -> D | K67: =IF(I67=J67,"—",J67&" → "&I67) -> — | L67: =IF(V67="D","D — BALLOT LOCK",IF(V67="R","R — BALLOT LOCK",IF(H67>=0,"D+"&TEXT(H67,"0.00"),"R+"&TEXT(-H67,"0.00")))) -> D+60.96 | M67: =COUNTIF($H$31:$H$465,">"&H67)+COUNTIF($H$31:H67,H67) -> 31 | N67: =IF(V67<>"",100,ABS(H67)) -> 60.96 | O67: =COUNTIF($N$31:$N$465,"<"&N67)+COUNTIF($N$31:N67,N67) -> 397 | P67: ='HOUSE DATA'!M40 -> 50 | Q67: ='HOUSE DATA'!N40 -> 2024 HOUSE / prior substitute | R67: =H67-P67 -> 10.96 | S67: =B67-P67 -> 11.04996 | T67: =H67-B67 -> -0.089960252 | U67: Contested | W67: Both major parties or other ballot arrangement | X67: Standard model; verify if ballot changes
A68: ='HOUSE DATA'!A41 -> CA-17 | B68: ='HOUSE DATA'!B41 -> 54.802899 | C68: =$D$5 -> -0.3 | D68: =2*('HOUSE DATA'!D41*('HOUSE DASHBOARD'!$B$14-42.4)+'HOUSE DATA'!E41*('HOUSE DASHBOARD'!$B$15-54.2)+'HOUSE DATA'!F41*('HOUSE DASHBOARD'!$B$16-85.4)+'HOUSE DATA'!G41*('HOUSE DASHBOARD'!$B$17-60.7)+'HOUSE DATA'!H41*('HOUSE DASHBOARD'!$B$18-53.5))/100 -> 0 | E68: =2*('HOUSE DATA'!I41*('HOUSE DASHBOARD'!$B$21-55.6)+(100-'HOUSE DATA'!I41)*('HOUSE DASHBOARD'!$B$22-44.9))/100 -> 0 | F68: =0 -> 0 | G68: =(D68+E68)/2 -> 0 | H68: ='HOUSE DATA'!C41+C68+G68 -> 52.012632 | I68: =IF(V68="D","D",IF(V68="R","R",IF(H68>=0,"D","R"))) -> D | J68: ='HOUSE DATA'!K41 -> D | K68: =IF(I68=J68,"—",J68&" → "&I68) -> — | L68: =IF(V68="D","D — BALLOT LOCK",IF(V68="R","R — BALLOT LOCK",IF(H68>=0,"D+"&TEXT(H68,"0.00"),"R+"&TEXT(-H68,"0.00")))) -> D+52.01 | M68: =COUNTIF($H$31:$H$465,">"&H68)+COUNTIF($H$31:H68,H68) -> 53 | N68: =IF(V68<>"",100,ABS(H68)) -> 52.012632 | O68: =COUNTIF($N$31:$N$465,"<"&N68)+COUNTIF($N$31:N68,N68) -> 373 | P68: ='HOUSE DATA'!M41 -> 41.052632 | Q68: ='HOUSE DATA'!N41 -> 2024 HOUSE / prior substitute | R68: =H68-P68 -> 10.96 | S68: =B68-P68 -> 13.750267 | T68: =H68-B68 -> -2.7902671 | U68: Contested | W68: Both major parties or other ballot arrangement | X68: Standard model; verify if ballot changes
A69: ='HOUSE DATA'!A42 -> CA-18 | B69: ='HOUSE DATA'!B42 -> 43.189473 | C69: =$D$5 -> -0.3 | D69: =2*('HOUSE DATA'!D42*('HOUSE DASHBOARD'!$B$14-42.4)+'HOUSE DATA'!E42*('HOUSE DASHBOARD'!$B$15-54.2)+'HOUSE DATA'!F42*('HOUSE DASHBOARD'!$B$16-85.4)+'HOUSE DATA'!G42*('HOUSE DASHBOARD'!$B$17-60.7)+'HOUSE DATA'!H42*('HOUSE DASHBOARD'!$B$18-53.5))/100 -> 0 | E69: =2*('HOUSE DATA'!I42*('HOUSE DASHBOARD'!$B$21-55.6)+(100-'HOUSE DATA'!I42)*('HOUSE DASHBOARD'!$B$22-44.9))/100 -> 0 | F69: =0 -> 0 | G69: =(D69+E69)/2 -> 0 | H69: ='HOUSE DATA'!C42+C69+G69 -> 40.856907 | I69: =IF(V69="D","D",IF(V69="R","R",IF(H69>=0,"D","R"))) -> D | J69: ='HOUSE DATA'!K42 -> D | K69: =IF(I69=J69,"—",J69&" → "&I69) -> — | L69: =IF(V69="D","D — BALLOT LOCK",IF(V69="R","R — BALLOT LOCK",IF(H69>=0,"D+"&TEXT(H69,"0.00"),"R+"&TEXT(-H69,"0.00")))) -> D+40.86 | M69: =COUNTIF($H$31:$H$465,">"&H69)+COUNTIF($H$31:H69,H69) -> 86 | N69: =IF(V69<>"",100,ABS(H69)) -> 40.856907 | O69: =COUNTIF($N$31:$N$465,"<"&N69)+COUNTIF($N$31:N69,N69) -> 336 | P69: ='HOUSE DATA'!M42 -> 29.896907 | Q69: ='HOUSE DATA'!N42 -> 2024 HOUSE / prior substitute | R69: =H69-P69 -> 10.96 | S69: =B69-P69 -> 13.292566 | T69: =H69-B69 -> -2.332566 | U69: Contested | W69: Both major parties or other ballot arrangement | X69: Standard model; verify if ballot changes
A70: ='HOUSE DATA'!A43 -> CA-19 | B70: ='HOUSE DATA'!B43 -> 45.876182 | C70: =$D$5 -> -0.3 | D70: =2*('HOUSE DATA'!D43*('HOUSE DASHBOARD'!$B$14-42.4)+'HOUSE DATA'!E43*('HOUSE DASHBOARD'!$B$15-54.2)+'HOUSE DATA'!F43*('HOUSE DASHBOARD'!$B$16-85.4)+'HOUSE DATA'!G43*('HOUSE DASHBOARD'!$B$17-60.7)+'HOUSE DATA'!H43*('HOUSE DASHBOARD'!$B$18-53.5))/100 -> 0 | E70: =2*('HOUSE DATA'!I43*('HOUSE DASHBOARD'!$B$21-55.6)+(100-'HOUSE DATA'!I43)*('HOUSE DASHBOARD'!$B$22-44.9))/100 -> 0 | F70: =0 -> 0 | G70: =(D70+E70)/2 -> 0 | H70: ='HOUSE DATA'!C43+C70+G70 -> 46.376667 | I70: =IF(V70="D","D",IF(V70="R","R",IF(H70>=0,"D","R"))) -> D | J70: ='HOUSE DATA'!K43 -> D | K70: =IF(I70=J70,"—",J70&" → "&I70) -> — | L70: =IF(V70="D","D — BALLOT LOCK",IF(V70="R","R — BALLOT LOCK",IF(H70>=0,"D+"&TEXT(H70,"0.00"),"R+"&TEXT(-H70,"0.00")))) -> D+46.38 | M70: =COUNTIF($H$31:$H$465,">"&H70)+COUNTIF($H$31:H70,H70) -> 70 | N70: =IF(V70<>"",100,ABS(H70)) -> 46.376667 | O70: =COUNTIF($N$31:$N$465,"<"&N70)+COUNTIF($N$31:N70,N70) -> 357 | P70: ='HOUSE DATA'!M43 -> 35.416667 | Q70: ='HOUSE DATA'!N43 -> 2024 HOUSE / prior substitute | R70: =H70-P70 -> 10.96 | S70: =B70-P70 -> 10.459516 | T70: =H70-B70 -> 0.50048445 | U70: Contested | W70: Both major parties or other ballot arrangement | X70: Standard model; verify if ballot changes
A71: ='HOUSE DATA'!A44 -> CA-20 | B71: ='HOUSE DATA'!B44 -> -21.340044 | C71: =$D$5 -> -0.3 | D71: =2*('HOUSE DATA'!D44*('HOUSE DASHBOARD'!$B$14-42.4)+'HOUSE DATA'!E44*('HOUSE DASHBOARD'!$B$15-54.2)+'HOUSE DATA'!F44*('HOUSE DASHBOARD'!$B$16-85.4)+'HOUSE DATA'!G44*('HOUSE DASHBOARD'!$B$17-60.7)+'HOUSE DATA'!H44*('HOUSE DASHBOARD'!$B$18-53.5))/100 -> 0 | E71: =2*('HOUSE DATA'!I44*('HOUSE DASHBOARD'!$B$21-55.6)+(100-'HOUSE DATA'!I44)*('HOUSE DASHBOARD'!$B$22-44.9))/100 -> 0 | F71: =0 -> 0 | G71: =(D71+E71)/2 -> 0 | H71: ='HOUSE DATA'!C44+C71+G71 -> -21.693061 | I71: =IF(V71="D","D",IF(V71="R","R",IF(H71>=0,"D","R"))) -> R | J71: ='HOUSE DATA'!K44 -> R | K71: =IF(I71=J71,"—",J71&" → "&I71) -> — | L71: =IF(V71="D","D — BALLOT LOCK",IF(V71="R","R — BALLOT LOCK",IF(H71>=0,"D+"&TEXT(H71,"0.00"),"R+"&TEXT(-H71,"0.00")))) -> R+21.69 | M71: =COUNTIF($H$31:$H$465,">"&H71)+COUNTIF($H$31:H71,H71) -> 369 | N71: =IF(V71<>"",100,ABS(H71)) -> 21.693061 | O71: =COUNTIF($N$31:$N$465,"<"&N71)+COUNTIF($N$31:N71,N71) -> 207 | P71: ='HOUSE DATA'!M44 -> -32.653061 | Q71: ='HOUSE DATA'!N44 -> 2024 HOUSE / prior substitute | R71: =H71-P71 -> 10.96 | S71: =B71-P71 -> 11.313018 | T71: =H71-B71 -> -0.3530177 | U71: Contested | W71: Both major parties or other ballot arrangement | X71: Standard model; verify if ballot changes
A72: ='HOUSE DATA'!A45 -> CA-21 | B72: ='HOUSE DATA'!B45 -> 22.025417 | C72: =$D$5 -> -0.3 | D72: =2*('HOUSE DATA'!D45*('HOUSE DASHBOARD'!$B$14-42.4)+'HOUSE DATA'!E45*('HOUSE DASHBOARD'!$B$15-54.2)+'HOUSE DATA'!F45*('HOUSE DASHBOARD'!$B$16-85.4)+'HOUSE DATA'!G45*('HOUSE DASHBOARD'!$B$17-60.7)+'HOUSE DATA'!H45*('HOUSE DASHBOARD'!$B$18-53.5))/100 -> 0 | E72: =2*('HOUSE DATA'!I45*('HOUSE DASHBOARD'!$B$21-55.6)+(100-'HOUSE DATA'!I45)*('HOUSE DASHBOARD'!$B$22-44.9))/100 -> 0 | F72: =0 -> 0 | G72: =(D72+E72)/2 -> 0 | H72: ='HOUSE DATA'!C45+C72+G72 -> 17.082449 | I72: =IF(V72="D","D",IF(V72="R","R",IF(H72>=0,"D","R"))) -> D | J72: ='HOUSE DATA'!K45 -> D | K72: =IF(I72=J72,"—",J72&" → "&I72) -> — | L72: =IF(V72="D","D — BALLOT LOCK",IF(V72="R","R — BALLOT LOCK",IF(H72>=0,"D+"&TEXT(H72,"0.00"),"R+"&TEXT(-H72,"0.00")))) -> D+17.08 | M72: =COUNTIF($H$31:$H$465,">"&H72)+COUNTIF($H$31:H72,H72) -> 188 | N72: =IF(V72<>"",100,ABS(H72)) -> 17.082449 | O72: =COUNTIF($N$31:$N$465,"<"&N72)+COUNTIF($N$31:N72,N72) -> 150 | P72: ='HOUSE DATA'!M45 -> 6.122449 | Q72: ='HOUSE DATA'!N45 -> 2024 HOUSE / prior substitute | R72: =H72-P72 -> 10.96 | S72: =B72-P72 -> 15.902968 | T72: =H72-B72 -> -4.9429685 | U72: Contested | W72: Both major parties or other ballot arrangement | X72: Standard model; verify if ballot changes
A73: ='HOUSE DATA'!A46 -> CA-22 | B73: ='HOUSE DATA'!B46 -> 14.4347 | C73: =$D$5 -> -0.3 | D73: =2*('HOUSE DATA'!D46*('HOUSE DASHBOARD'!$B$14-42.4)+'HOUSE DATA'!E46*('HOUSE DASHBOARD'!$B$15-54.2)+'HOUSE DATA'!F46*('HOUSE DASHBOARD'!$B$16-85.4)+'HOUSE DATA'!G46*('HOUSE DASHBOARD'!$B$17-60.7)+'HOUSE DATA'!H46*('HOUSE DASHBOARD'!$B$18-53.5))/100 -> 0 | E73: =2*('HOUSE DATA'!I46*('HOUSE DASHBOARD'!$B$21-55.6)+(100-'HOUSE DATA'!I46)*('HOUSE DASHBOARD'!$B$22-44.9))/100 -> 0 | F73: =0 -> 0 | G73: =(D73+E73)/2 -> 0 | H73: ='HOUSE DATA'!C46+C73+G73 -> 8.9191837 | I73: =IF(V73="D","D",IF(V73="R","R",IF(H73>=0,"D","R"))) -> D | J73: ='HOUSE DATA'!K46 -> R | K73: =IF(I73=J73,"—",J73&" → "&I73) -> R → D | L73: =IF(V73="D","D — BALLOT LOCK",IF(V73="R","R — BALLOT LOCK",IF(H73>=0,"D+"&TEXT(H73,"0.00"),"R+"&TEXT(-H73,"0.00")))) -> D+8.92 | M73: =COUNTIF($H$31:$H$465,">"&H73)+COUNTIF($H$31:H73,H73) -> 216 | N73: =IF(V73<>"",100,ABS(H73)) -> 8.9191837 | O73: =COUNTIF($N$31:$N$465,"<"&N73)+COUNTIF($N$31:N73,N73) -> 74 | P73: ='HOUSE DATA'!M46 -> -2.0408163 | Q73: ='HOUSE DATA'!N46 -> 2024 HOUSE / prior substitute | R73: =H73-P73 -> 10.96 | S73: =B73-P73 -> 16.475516 | T73: =H73-B73 -> -5.5155159 | U73: Contested | W73: Both major parties or other ballot arrangement | X73: Standard model; verify if ballot changes
A74: ='HOUSE DATA'!A47 -> CA-23 | B74: ='HOUSE DATA'!B47 -> -6.4812516 | C74: =$D$5 -> -0.3 | D74: =2*('HOUSE DATA'!D47*('HOUSE DASHBOARD'!$B$14-42.4)+'HOUSE DATA'!E47*('HOUSE DASHBOARD'!$B$15-54.2)+'HOUSE DATA'!F47*('HOUSE DASHBOARD'!$B$16-85.4)+'HOUSE DATA'!G47*('HOUSE DASHBOARD'!$B$17-60.7)+'HOUSE DATA'!H47*('HOUSE DASHBOARD'!$B$18-53.5))/100 -> 0 | E74: =2*('HOUSE DATA'!I47*('HOUSE DASHBOARD'!$B$21-55.6)+(100-'HOUSE DATA'!I47)*('HOUSE DASHBOARD'!$B$22-44.9))/100 -> 0 | F74: =0 -> 0 | G74: =(D74+E74)/2 -> 0 | H74: ='HOUSE DATA'!C47+C74+G74 -> -8.6276289 | I74: =IF(V74="D","D",IF(V74="R","R",IF(H74>=0,"D","R"))) -> R | J74: ='HOUSE DATA'!K47 -> R | K74: =IF(I74=J74,"—",J74&" → "&I74) -> — | L74: =IF(V74="D","D — BALLOT LOCK",IF(V74="R","R — BALLOT LOCK",IF(H74>=0,"D+"&TEXT(H74,"0.00"),"R+"&TEXT(-H74,"0.00")))) -> R+8.63 | M74: =COUNTIF($H$31:$H$465,">"&H74)+COUNTIF($H$31:H74,H74) -> 287 | N74: =IF(V74<>"",100,ABS(H74)) -> 8.6276289 | O74: =COUNTIF($N$31:$N$465,"<"&N74)+COUNTIF($N$31:N74,N74) -> 70 | P74: ='HOUSE DATA'!M47 -> -19.587629 | Q74: ='HOUSE DATA'!N47 -> 2024 HOUSE / prior substitute | R74: =H74-P74 -> 10.96 | S74: =B74-P74 -> 13.106377 | T74: =H74-B74 -> -2.1463772 | U74: Contested | W74: Both major parties or other ballot arrangement | X74: Standard model; verify if ballot changes
A75: ='HOUSE DATA'!A48 -> CA-24 | B75: ='HOUSE DATA'!B48 -> 36.057208 | C75: =$D$5 -> -0.3 | D75: =2*('HOUSE DATA'!D48*('HOUSE DASHBOARD'!$B$14-42.4)+'HOUSE DATA'!E48*('HOUSE DASHBOARD'!$B$15-54.2)+'HOUSE DATA'!F48*('HOUSE DASHBOARD'!$B$16-85.4)+'HOUSE DATA'!G48*('HOUSE DASHBOARD'!$B$17-60.7)+'HOUSE DATA'!H48*('HOUSE DASHBOARD'!$B$18-53.5))/100 -> 0 | E75: =2*('HOUSE DATA'!I48*('HOUSE DASHBOARD'!$B$21-55.6)+(100-'HOUSE DATA'!I48)*('HOUSE DASHBOARD'!$B$22-44.9))/100 -> 0 | F75: =0 -> 0 | G75: =(D75+E75)/2 -> 0 | H75: ='HOUSE DATA'!C48+C75+G75 -> 36.733196 | I75: =IF(V75="D","D",IF(V75="R","R",IF(H75>=0,"D","R"))) -> D | J75: ='HOUSE DATA'!K48 -> D | K75: =IF(I75=J75,"—",J75&" → "&I75) -> — | L75: =IF(V75="D","D — BALLOT LOCK",IF(V75="R","R — BALLOT LOCK",IF(H75>=0,"D+"&TEXT(H75,"0.00"),"R+"&TEXT(-H75,"0.00")))) -> D+36.73 | M75: =COUNTIF($H$31:$H$465,">"&H75)+COUNTIF($H$31:H75,H75) -> 94 | N75: =IF(V75<>"",100,ABS(H75)) -> 36.733196 | O75: =COUNTIF($N$31:$N$465,"<"&N75)+COUNTIF($N$31:N75,N75) -> 320 | P75: ='HOUSE DATA'!M48 -> 25.773196 | Q75: ='HOUSE DATA'!N48 -> 2024 HOUSE / prior substitute | R75: =H75-P75 -> 10.96 | S75: =B75-P75 -> 10.284012 | T75: =H75-B75 -> 0.6759882 | U75: Contested | W75: Both major parties or other ballot arrangement | X75: Standard model; verify if ballot changes
A76: ='HOUSE DATA'!A49 -> CA-25 | B76: ='HOUSE DATA'!B49 -> 20.882016 | C76: =$D$5 -> -0.3 | D76: =2*('HOUSE DATA'!D49*('HOUSE DASHBOARD'!$B$14-42.4)+'HOUSE DATA'!E49*('HOUSE DASHBOARD'!$B$15-54.2)+'HOUSE DATA'!F49*('HOUSE DASHBOARD'!$B$16-85.4)+'HOUSE DATA'!G49*('HOUSE DASHBOARD'!$B$17-60.7)+'HOUSE DATA'!H49*('HOUSE DASHBOARD'!$B$18-53.5))/100 -> 0 | E76: =2*('HOUSE DATA'!I49*('HOUSE DASHBOARD'!$B$21-55.6)+(100-'HOUSE DATA'!I49)*('HOUSE DASHBOARD'!$B$22-44.9))/100 -> 0 | F76: =0 -> 0 | G76: =(D76+E76)/2 -> 0 | H76: ='HOUSE DATA'!C49+C76+G76 -> 17.082449 | I76: =IF(V76="D","D",IF(V76="R","R",IF(H76>=0,"D","R"))) -> D | J76: ='HOUSE DATA'!K49 -> D | K76: =IF(I76=J76,"—",J76&" → "&I76) -> — | L76: =IF(V76="D","D — BALLOT LOCK",IF(V76="R","R — BALLOT LOCK",IF(H76>=0,"D+"&TEXT(H76,"0.00"),"R+"&TEXT(-H76,"0.00")))) -> D+17.08 | M76: =COUNTIF($H$31:$H$465,">"&H76)+COUNTIF($H$31:H76,H76) -> 189 | N76: =IF(V76<>"",100,ABS(H76)) -> 17.082449 | O76: =COUNTIF($N$31:$N$465,"<"&N76)+COUNTIF($N$31:N76,N76) -> 151 | P76: ='HOUSE DATA'!M49 -> 6.122449 | Q76: ='HOUSE DATA'!N49 -> 2024 HOUSE / prior substitute | R76: =H76-P76 -> 10.96 | S76: =B76-P76 -> 14.759567 | T76: =H76-B76 -> -3.7995674 | U76: Contested | W76: Both major parties or other ballot arrangement | X76: Standard model; verify if ballot changes
A77: ='HOUSE DATA'!A50 -> CA-26 | B77: ='HOUSE DATA'!B50 -> 26.102449 | C77: =$D$5 -> -0.3 | D77: =2*('HOUSE DATA'!D50*('HOUSE DASHBOARD'!$B$14-42.4)+'HOUSE DATA'!E50*('HOUSE DASHBOARD'!$B$15-54.2)+'HOUSE DATA'!F50*('HOUSE DASHBOARD'!$B$16-85.4)+'HOUSE DATA'!G50*('HOUSE DASHBOARD'!$B$17-60.7)+'HOUSE DATA'!H50*('HOUSE DASHBOARD'!$B$18-53.5))/100 -> 0 | E77: =2*('HOUSE DATA'!I50*('HOUSE DASHBOARD'!$B$21-55.6)+(100-'HOUSE DATA'!I50)*('HOUSE DASHBOARD'!$B$22-44.9))/100 -> 0 | F77: =0 -> 0 | G77: =(D77+E77)/2 -> 0 | H77: ='HOUSE DATA'!C50+C77+G77 -> 25.83 | I77: =IF(V77="D","D",IF(V77="R","R",IF(H77>=0,"D","R"))) -> D | J77: ='HOUSE DATA'!K50 -> D | K77: =IF(I77=J77,"—",J77&" → "&I77) -> — | L77: =IF(V77="D","D — BALLOT LOCK",IF(V77="R","R — BALLOT LOCK",IF(H77>=0,"D+"&TEXT(H77,"0.00"),"R+"&TEXT(-H77,"0.00")))) -> D+25.83 | M77: =COUNTIF($H$31:$H$465,">"&H77)+COUNTIF($H$31:H77,H77) -> 140 | N77: =IF(V77<>"",100,ABS(H77)) -> 25.83 | O77: =COUNTIF($N$31:$N$465,"<"&N77)+COUNTIF($N$31:N77,N77) -> 244 | P77: ='HOUSE DATA'!M50 -> 15.28 | Q77: ='HOUSE DATA'!N50 -> 2024 PRESIDENT (open seat) | R77: =H77-P77 -> 10.55 | S77: =B77-P77 -> 10.822449 | T77: =H77-B77 -> -0.27244876 | U77: Contested | W77: Both major parties or other ballot arrangement | X77: Standard model; verify if ballot changes
... A79: ='HOUSE DATA'!A52 -> CA-28 | B79: ='HOUSE DATA'!B52 -> 38.741266 | C79: =$D$5 -> -0.3 | D79: =2*('HOUSE DATA'!D52*('HOUSE DASHBOARD'!$B$14-42.4)+'HOUSE DATA'!E52*('HOUSE DASHBOARD'!$B$15-54.2)+'HOUSE DATA'!F52*('HOUSE DASHBOARD'!$B$16-85.4)+'HOUSE DATA'!G52*('HOUSE DASHBOARD'!$B$17-60.7)+'HOUSE DATA'!H52*('HOUSE DASHBOARD'!$B$18-53.5))/100 -> 0 | E79: =2*('HOUSE DATA'!I52*('HOUSE DASHBOARD'!$B$21-55.6)+(100-'HOUSE DATA'!I52)*('HOUSE DASHBOARD'!$B$22-44.9))/100 -> 0 | F79: =0 -> 0 | G79: =(D79+E79)/2 -> 0 | H79: ='HOUSE DATA'!C52+C79+G79 -> 36.733196 | I79: =IF(V79="D","D",IF(V79="R","R",IF(H79>=0,"D","R"))) -> D | J79: ='HOUSE DATA'!K52 -> D | K79: =IF(I79=J79,"—",J79&" → "&I79) -> — | L79: =IF(V79="D","D — BALLOT LOCK",IF(V79="R","R — BALLOT LOCK",IF(H79>=0,"D+"&TEXT(H79,"0.00"),"R+"&TEXT(-H79,"0.00")))) -> D+36.73 | M79: =COUNTIF($H$31:$H$465,">"&H79)+COUNTIF($H$31:H79,H79) -> 95 | N79: =IF(V79<>"",100,ABS(H79)) -> 36.733196 | O79: =COUNTIF($N$31:$N$465,"<"&N79)+COUNTIF($N$31:N79,N79) -> 321 | P79: ='HOUSE DATA'!M52 -> 25.773196 | Q79: ='HOUSE DATA'!N52 -> 2024 HOUSE / prior substitute | R79: =H79-P79 -> 10.96 | S79: =B79-P79 -> 12.968071 | T79: =H79-B79 -> -2.0080706 | U79: Contested | W79: Both major parties or other ballot arrangement | X79: Standard model; verify if ballot changes
A80: ='HOUSE DATA'!A53 -> CA-29 | B80: ='HOUSE DATA'!B53 -> 49.142782 | C80: =$D$5 -> -0.3 | D80: =2*('HOUSE DATA'!D53*('HOUSE DASHBOARD'!$B$14-42.4)+'HOUSE DATA'!E53*('HOUSE DASHBOARD'!$B$15-54.2)+'HOUSE DATA'!F53*('HOUSE DASHBOARD'!$B$16-85.4)+'HOUSE DATA'!G53*('HOUSE DASHBOARD'!$B$17-60.7)+'HOUSE DATA'!H53*('HOUSE DASHBOARD'!$B$18-53.5))/100 -> 0 | E80: =2*('HOUSE DATA'!I53*('HOUSE DASHBOARD'!$B$21-55.6)+(100-'HOUSE DATA'!I53)*('HOUSE DASHBOARD'!$B$22-44.9))/100 -> 0 | F80: =0 -> 0 | G80: =(D80+E80)/2 -> 0 | H80: ='HOUSE DATA'!C53+C80+G80 -> 44.980619 | I80: =IF(V80="D","D",IF(V80="R","R",IF(H80>=0,"D","R"))) -> D | J80: ='HOUSE DATA'!K53 -> D | K80: =IF(I80=J80,"—",J80&" → "&I80) -> — | L80: =IF(V80="D","D — BALLOT LOCK",IF(V80="R","R — BALLOT LOCK",IF(H80>=0,"D+"&TEXT(H80,"0.00"),"R+"&TEXT(-H80,"0.00")))) -> D — BALLOT LOCK | M80: =COUNTIF($H$31:$H$465,">"&H80)+COUNTIF($H$31:H80,H80) -> 77 | N80: =IF(V80<>"",100,ABS(H80)) -> 100 | O80: =COUNTIF($N$31:$N$465,"<"&N80)+COUNTIF($N$31:N80,N80) -> 427 | P80: ='HOUSE DATA'!M53 -> 34.020619 | Q80: ='HOUSE DATA'!N53 -> 2024 HOUSE / prior substitute | R80: =H80-P80 -> 10.96 | S80: =B80-P80 -> 15.122164 | T80: =H80-B80 -> -4.1621636 | U80: Two Democrats | V80: D | W80: California top-two primary: two Democrats advanced | X80: Ballot lock: both general-election candidates are Democrats
A81: ='HOUSE DATA'!A54 -> CA-30 | B81: ='HOUSE DATA'!B54 -> 52.475195 | C81: =$D$5 -> -0.3 | D81: =2*('HOUSE DATA'!D54*('HOUSE DASHBOARD'!$B$14-42.4)+'HOUSE DATA'!E54*('HOUSE DASHBOARD'!$B$15-54.2)+'HOUSE DATA'!F54*('HOUSE DASHBOARD'!$B$16-85.4)+'HOUSE DATA'!G54*('HOUSE DASHBOARD'!$B$17-60.7)+'HOUSE DATA'!H54*('HOUSE DASHBOARD'!$B$18-53.5))/100 -> 0 | E81: =2*('HOUSE DATA'!I54*('HOUSE DASHBOARD'!$B$21-55.6)+(100-'HOUSE DATA'!I54)*('HOUSE DASHBOARD'!$B$22-44.9))/100 -> 0 | F81: =0 -> 0 | G81: =(D81+E81)/2 -> 0 | H81: ='HOUSE DATA'!C54+C81+G81 -> 52.626667 | I81: =IF(V81="D","D",IF(V81="R","R",IF(H81>=0,"D","R"))) -> D | J81: ='HOUSE DATA'!K54 -> D | K81: =IF(I81=J81,"—",J81&" → "&I81) -> — | L81: =IF(V81="D","D — BALLOT LOCK",IF(V81="R","R — BALLOT LOCK",IF(H81>=0,"D+"&TEXT(H81,"0.00"),"R+"&TEXT(-H81,"0.00")))) -> D+52.63 | M81: =COUNTIF($H$31:$H$465,">"&H81)+COUNTIF($H$31:H81,H81) -> 50 | N81: =IF(V81<>"",100,ABS(H81)) -> 52.626667 | O81: =COUNTIF($N$31:$N$465,"<"&N81)+COUNTIF($N$31:N81,N81) -> 376 | P81: ='HOUSE DATA'!M54 -> 41.666667 | Q81: ='HOUSE DATA'!N54 -> 2024 HOUSE / prior substitute | R81: =H81-P81 -> 10.96 | S81: =B81-P81 -> 10.808528 | T81: =H81-B81 -> 0.15147163 | U81: Contested | W81: Both major parties or other ballot arrangement | X81: Standard model; verify if ballot changes
A82: ='HOUSE DATA'!A55 -> CA-31 | B82: ='HOUSE DATA'!B55 -> 28.362521 | C82: =$D$5 -> -0.3 | D82: =2*('HOUSE DATA'!D55*('HOUSE DASHBOARD'!$B$14-42.4)+'HOUSE DATA'!E55*('HOUSE DASHBOARD'!$B$15-54.2)+'HOUSE DATA'!F55*('HOUSE DASHBOARD'!$B$16-85.4)+'HOUSE DATA'!G55*('HOUSE DASHBOARD'!$B$17-60.7)+'HOUSE DATA'!H55*('HOUSE DASHBOARD'!$B$18-53.5))/100 -> 0 | E82: =2*('HOUSE DATA'!I55*('HOUSE DASHBOARD'!$B$21-55.6)+(100-'HOUSE DATA'!I55)*('HOUSE DASHBOARD'!$B$22-44.9))/100 -> 0 | F82: =0 -> 0 | G82: =(D82+E82)/2 -> 0 | H82: ='HOUSE DATA'!C55+C82+G82 -> 24.362062 | I82: =IF(V82="D","D",IF(V82="R","R",IF(H82>=0,"D","R"))) -> D | J82: ='HOUSE DATA'!K55 -> D | K82: =IF(I82=J82,"—",J82&" → "&I82) -> — | L82: =IF(V82="D","D — BALLOT LOCK",IF(V82="R","R — BALLOT LOCK",IF(H82>=0,"D+"&TEXT(H82,"0.00"),"R+"&TEXT(-H82,"0.00")))) -> D+24.36 | M82: =COUNTIF($H$31:$H$465,">"&H82)+COUNTIF($H$31:H82,H82) -> 146 | N82: =IF(V82<>"",100,ABS(H82)) -> 24.362062 | O82: =COUNTIF($N$31:$N$465,"<"&N82)+COUNTIF($N$31:N82,N82) -> 232 | P82: ='HOUSE DATA'!M55 -> 13.402062 | Q82: ='HOUSE DATA'!N55 -> 2024 HOUSE / prior substitute | R82: =H82-P82 -> 10.96 | S82: =B82-P82 -> 14.960459 | T82: =H82-B82 -> -4.0004588 | U82: Contested | W82: Both major parties or other ballot arrangement | X82: Standard model; verify if ballot changes
A83: ='HOUSE DATA'!A56 -> CA-32 | B83: ='HOUSE DATA'!B56 -> 35.784781 | C83: =$D$5 -> -0.3 | D83: =2*('HOUSE DATA'!D56*('HOUSE DASHBOARD'!$B$14-42.4)+'HOUSE DATA'!E56*('HOUSE DASHBOARD'!$B$15-54.2)+'HOUSE DATA'!F56*('HOUSE DASHBOARD'!$B$16-85.4)+'HOUSE DATA'!G56*('HOUSE DASHBOARD'!$B$17-60.7)+'HOUSE DATA'!H56*('HOUSE DASHBOARD'!$B$18-53.5))/100 -> 0 | E83: =2*('HOUSE DATA'!I56*('HOUSE DASHBOARD'!$B$21-55.6)+(100-'HOUSE DATA'!I56)*('HOUSE DASHBOARD'!$B$22-44.9))/100 -> 0 | F83: =0 -> 0 | G83: =(D83+E83)/2 -> 0 | H83: ='HOUSE DATA'!C56+C83+G83 -> 36.733196 | I83: =IF(V83="D","D",IF(V83="R","R",IF(H83>=0,"D","R"))) -> D | J83: ='HOUSE DATA'!K56 -> D | K83: =IF(I83=J83,"—",J83&" → "&I83) -> — | L83: =IF(V83="D","D — BALLOT LOCK",IF(V83="R","R — BALLOT LOCK",IF(H83>=0,"D+"&TEXT(H83,"0.00"),"R+"&TEXT(-H83,"0.00")))) -> D+36.73 | M83: =COUNTIF($H$31:$H$465,">"&H83)+COUNTIF($H$31:H83,H83) -> 96 | N83: =IF(V83<>"",100,ABS(H83)) -> 36.733196 | O83: =COUNTIF($N$31:$N$465,"<"&N83)+COUNTIF($N$31:N83,N83) -> 322 | P83: ='HOUSE DATA'!M56 -> 25.773196 | Q83: ='HOUSE DATA'!N56 -> 2024 HOUSE / prior substitute | R83: =H83-P83 -> 10.96 | S83: =B83-P83 -> 10.011585 | T83: =H83-B83 -> 0.94841483 | U83: Contested | W83: Both major parties or other ballot arrangement | X83: Standard model; verify if ballot changes
A84: ='HOUSE DATA'!A57 -> CA-33 | B84: ='HOUSE DATA'!B57 -> 23.290141 | C84: =$D$5 -> -0.3 | D84: =2*('HOUSE DATA'!D57*('HOUSE DASHBOARD'!$B$14-42.4)+'HOUSE DATA'!E57*('HOUSE DASHBOARD'!$B$15-54.2)+'HOUSE DATA'!F57*('HOUSE DASHBOARD'!$B$16-85.4)+'HOUSE DATA'!G57*('HOUSE DASHBOARD'!$B$17-60.7)+'HOUSE DATA'!H57*('HOUSE DASHBOARD'!$B$18-53.5))/100 -> 0 | E84: =2*('HOUSE DATA'!I57*('HOUSE DASHBOARD'!$B$21-55.6)+(100-'HOUSE DATA'!I57)*('HOUSE DASHBOARD'!$B$22-44.9))/100 -> 0 | F84: =0 -> 0 | G84: =(D84+E84)/2 -> 0 | H84: ='HOUSE DATA'!C57+C84+G84 -> 20.238351 | I84: =IF(V84="D","D",IF(V84="R","R",IF(H84>=0,"D","R"))) -> D | J84: ='HOUSE DATA'!K57 -> D | K84: =IF(I84=J84,"—",J84&" → "&I84) -> — | L84: =IF(V84="D","D — BALLOT LOCK",IF(V84="R","R — BALLOT LOCK",IF(H84>=0,"D+"&TEXT(H84,"0.00"),"R+"&TEXT(-H84,"0.00")))) -> D+20.24 | M84: =COUNTIF($H$31:$H$465,">"&H84)+COUNTIF($H$31:H84,H84) -> 168 | N84: =IF(V84<>"",100,ABS(H84)) -> 20.238351 | O84: =COUNTIF($N$31:$N$465,"<"&N84)+COUNTIF($N$31:N84,N84) -> 190 | P84: ='HOUSE DATA'!M57 -> 9.2783505 | Q84: ='HOUSE DATA'!N57 -> 2024 HOUSE / prior substitute | R84: =H84-P84 -> 10.96 | S84: =B84-P84 -> 14.011791 | T84: =H84-B84 -> -3.0517906 | U84: Contested | W84: Both major parties or other ballot arrangement | X84: Standard model; verify if ballot changes
A85: ='HOUSE DATA'!A58 -> CA-34 | B85: ='HOUSE DATA'!B58 -> 70.601502 | C85: =$D$5 -> -0.3 | D85: =2*('HOUSE DATA'!D58*('HOUSE DASHBOARD'!$B$14-42.4)+'HOUSE DATA'!E58*('HOUSE DASHBOARD'!$B$15-54.2)+'HOUSE DATA'!F58*('HOUSE DASHBOARD'!$B$16-85.4)+'HOUSE DATA'!G58*('HOUSE DASHBOARD'!$B$17-60.7)+'HOUSE DATA'!H58*('HOUSE DASHBOARD'!$B$18-53.5))/100 -> 0 | E85: =2*('HOUSE DATA'!I58*('HOUSE DASHBOARD'!$B$21-55.6)+(100-'HOUSE DATA'!I58)*('HOUSE DASHBOARD'!$B$22-44.9))/100 -> 0 | F85: =0 -> 0 | G85: =(D85+E85)/2 -> 0 | H85: ='HOUSE DATA'!C58+C85+G85 -> 64.644211 | I85: =IF(V85="D","D",IF(V85="R","R",IF(H85>=0,"D","R"))) -> D | J85: ='HOUSE DATA'!K58 -> D | K85: =IF(I85=J85,"—",J85&" → "&I85) -> — | L85: =IF(V85="D","D — BALLOT LOCK",IF(V85="R","R — BALLOT LOCK",IF(H85>=0,"D+"&TEXT(H85,"0.00"),"R+"&TEXT(-H85,"0.00")))) -> D — BALLOT LOCK | M85: =COUNTIF($H$31:$H$465,">"&H85)+COUNTIF($H$31:H85,H85) -> 25 | N85: =IF(V85<>"",100,ABS(H85)) -> 100 | O85: =COUNTIF($N$31:$N$465,"<"&N85)+COUNTIF($N$31:N85,N85) -> 428 | P85: ='HOUSE DATA'!M58 -> 53.684211 | Q85: ='HOUSE DATA'!N58 -> 2024 HOUSE / prior substitute | R85: =H85-P85 -> 10.96 | S85: =B85-P85 -> 16.917291 | T85: =H85-B85 -> -5.9572914 | U85: Two Democrats | V85: D | W85: California top-two primary: two Democrats advanced | X85: Ballot lock: both general-election candidates are Democrats
A86: ='HOUSE DATA'!A59 -> CA-35 | B86: ='HOUSE DATA'!B59 -> 21.558469 | C86: =$D$5 -> -0.3 | D86: =2*('HOUSE DATA'!D59*('HOUSE DASHBOARD'!$B$14-42.4)+'HOUSE DATA'!E59*('HOUSE DASHBOARD'!$B$15-54.2)+'HOUSE DATA'!F59*('HOUSE DASHBOARD'!$B$16-85.4)+'HOUSE DATA'!G59*('HOUSE DASHBOARD'!$B$17-60.7)+'HOUSE DATA'!H59*('HOUSE DASHBOARD'!$B$18-53.5))/100 -> 0 | E86: =2*('HOUSE DATA'!I59*('HOUSE DASHBOARD'!$B$21-55.6)+(100-'HOUSE DATA'!I59)*('HOUSE DASHBOARD'!$B$22-44.9))/100 -> 0 | F86: =0 -> 0 | G86: =(D86+E86)/2 -> 0 | H86: ='HOUSE DATA'!C59+C86+G86 -> 18.176495 | I86: =IF(V86="D","D",IF(V86="R","R",IF(H86>=0,"D","R"))) -> D | J86: ='HOUSE DATA'!K59 -> D | K86: =IF(I86=J86,"—",J86&" → "&I86) -> — | L86: =IF(V86="D","D — BALLOT LOCK",IF(V86="R","R — BALLOT LOCK",IF(H86>=0,"D+"&TEXT(H86,"0.00"),"R+"&TEXT(-H86,"0.00")))) -> D+18.18 | M86: =COUNTIF($H$31:$H$465,">"&H86)+COUNTIF($H$31:H86,H86) -> 182 | N86: =IF(V86<>"",100,ABS(H86)) -> 18.176495 | O86: =COUNTIF($N$31:$N$465,"<"&N86)+COUNTIF($N$31:N86,N86) -> 164 | P86: ='HOUSE DATA'!M59 -> 7.2164948 | Q86: ='HOUSE DATA'!N59 -> 2024 HOUSE / prior substitute | R86: =H86-P86 -> 10.96 | S86: =B86-P86 -> 14.341974 | T86: =H86-B86 -> -3.3819744 | U86: Contested | W86: Both major parties or other ballot arrangement | X86: Standard model; verify if ballot changes
A87: ='HOUSE DATA'!A60 -> CA-36 | B87: ='HOUSE DATA'!B60 -> 49.977791 | C87: =$D$5 -> -0.3 | D87: =2*('HOUSE DATA'!D60*('HOUSE DASHBOARD'!$B$14-42.4)+'HOUSE DATA'!E60*('HOUSE DASHBOARD'!$B$15-54.2)+'HOUSE DATA'!F60*('HOUSE DASHBOARD'!$B$16-85.4)+'HOUSE DATA'!G60*('HOUSE DASHBOARD'!$B$17-60.7)+'HOUSE DATA'!H60*('HOUSE DASHBOARD'!$B$18-53.5))/100 -> 0 | E87: =2*('HOUSE DATA'!I60*('HOUSE DASHBOARD'!$B$21-55.6)+(100-'HOUSE DATA'!I60)*('HOUSE DASHBOARD'!$B$22-44.9))/100 -> 0 | F87: =0 -> 0 | G87: =(D87+E87)/2 -> 0 | H87: ='HOUSE DATA'!C60+C87+G87 -> 51.166186 | I87: =IF(V87="D","D",IF(V87="R","R",IF(H87>=0,"D","R"))) -> D | J87: ='HOUSE DATA'!K60 -> D | K87: =IF(I87=J87,"—",J87&" → "&I87) -> — | L87: =IF(V87="D","D — BALLOT LOCK",IF(V87="R","R — BALLOT LOCK",IF(H87>=0,"D+"&TEXT(H87,"0.00"),"R+"&TEXT(-H87,"0.00")))) -> D+51.17 | M87: =COUNTIF($H$31:$H$465,">"&H87)+COUNTIF($H$31:H87,H87) -> 58 | N87: =IF(V87<>"",100,ABS(H87)) -> 51.166186 | O87: =COUNTIF($N$31:$N$465,"<"&N87)+COUNTIF($N$31:N87,N87) -> 369 | P87: ='HOUSE DATA'!M60 -> 40.206186 | Q87: ='HOUSE DATA'!N60 -> 2024 HOUSE / prior substitute | R87: =H87-P87 -> 10.96 | S87: =B87-P87 -> 9.7716051 | T87: =H87-B87 -> 1.1883949 | U87: Contested | W87: Both major parties or other ballot arrangement | X87: Standard model; verify if ballot changes
A88: ='HOUSE DATA'!A61 -> CA-37 | B88: ='HOUSE DATA'!B61 -> 77.831051 | C88: =$D$5 -> -0.3 | D88: =2*('HOUSE DATA'!D61*('HOUSE DASHBOARD'!$B$14-42.4)+'HOUSE DATA'!E61*('HOUSE DASHBOARD'!$B$15-54.2)+'HOUSE DATA'!F61*('HOUSE DASHBOARD'!$B$16-85.4)+'HOUSE DATA'!G61*('HOUSE DASHBOARD'!$B$17-60.7)+'HOUSE DATA'!H61*('HOUSE DASHBOARD'!$B$18-53.5))/100 -> 0 | E88: =2*('HOUSE DATA'!I61*('HOUSE DASHBOARD'!$B$21-55.6)+(100-'HOUSE DATA'!I61)*('HOUSE DASHBOARD'!$B$22-44.9))/100 -> 0 | F88: =0 -> 0 | G88: =(D88+E88)/2 -> 0 | H88: ='HOUSE DATA'!C61+C88+G88 -> 73.846598 | I88: =IF(V88="D","D",IF(V88="R","R",IF(H88>=0,"D","R"))) -> D | J88: ='HOUSE DATA'!K61 -> D | K88: =IF(I88=J88,"—",J88&" → "&I88) -> — | L88: =IF(V88="D","D — BALLOT LOCK",IF(V88="R","R — BALLOT LOCK",IF(H88>=0,"D+"&TEXT(H88,"0.00"),"R+"&TEXT(-H88,"0.00")))) -> D — BALLOT LOCK | M88: =COUNTIF($H$31:$H$465,">"&H88)+COUNTIF($H$31:H88,H88) -> 11 | N88: =IF(V88<>"",100,ABS(H88)) -> 100 | O88: =COUNTIF($N$31:$N$465,"<"&N88)+COUNTIF($N$31:N88,N88) -> 429 | P88: ='HOUSE DATA'!M61 -> 62.886598 | Q88: ='HOUSE DATA'!N61 -> 2024 HOUSE / prior substitute | R88: =H88-P88 -> 10.96 | S88: =B88-P88 -> 14.944453 | T88: =H88-B88 -> -3.9844527 | U88: Two Democrats | V88: D | W88: California top-two primary: two Democrats advanced | X88: Ballot lock: both general-election candidates are Democrats
A89: ='HOUSE DATA'!A62 -> CA-38 | B89: ='HOUSE DATA'!B62 -> 27.888766 | C89: =$D$5 -> -0.3 | D89: =2*('HOUSE DATA'!D62*('HOUSE DASHBOARD'!$B$14-42.4)+'HOUSE DATA'!E62*('HOUSE DASHBOARD'!$B$15-54.2)+'HOUSE DATA'!F62*('HOUSE DASHBOARD'!$B$16-85.4)+'HOUSE DATA'!G62*('HOUSE DASHBOARD'!$B$17-60.7)+'HOUSE DATA'!H62*('HOUSE DASHBOARD'!$B$18-53.5))/100 -> 0 | E89: =2*('HOUSE DATA'!I62*('HOUSE DASHBOARD'!$B$21-55.6)+(100-'HOUSE DATA'!I62)*('HOUSE DASHBOARD'!$B$22-44.9))/100 -> 0 | F89: =0 -> 0 | G89: =(D89+E89)/2 -> 0 | H89: ='HOUSE DATA'!C62+C89+G89 -> 24.362062 | I89: =IF(V89="D","D",IF(V89="R","R",IF(H89>=0,"D","R"))) -> D | J89: ='HOUSE DATA'!K62 -> D | K89: =IF(I89=J89,"—",J89&" → "&I89) -> — | L89: =IF(V89="D","D — BALLOT LOCK",IF(V89="R","R — BALLOT LOCK",IF(H89>=0,"D+"&TEXT(H89,"0.00"),"R+"&TEXT(-H89,"0.00")))) -> D+24.36 | M89: =COUNTIF($H$31:$H$465,">"&H89)+COUNTIF($H$31:H89,H89) -> 147 | N89: =IF(V89<>"",100,ABS(H89)) -> 24.362062 | O89: =COUNTIF($N$31:$N$465,"<"&N89)+COUNTIF($N$31:N89,N89) -> 233 | P89: ='HOUSE DATA'!M62 -> 13.402062 | Q89: ='HOUSE DATA'!N62 -> 2024 HOUSE / prior substitute | R89: =H89-P89 -> 10.96 | S89: =B89-P89 -> 14.486704 | T89: =H89-B89 -> -3.5267041 | U89: Contested | W89: Both major parties or other ballot arrangement | X89: Standard model; verify if ballot changes
A90: ='HOUSE DATA'!A63 -> CA-39 | B90: ='HOUSE DATA'!B63 -> 23.037752 | C90: =$D$5 -> -0.3 | D90: =2*('HOUSE DATA'!D63*('HOUSE DASHBOARD'!$B$14-42.4)+'HOUSE DATA'!E63*('HOUSE DASHBOARD'!$B$15-54.2)+'HOUSE DATA'!F63*('HOUSE DASHBOARD'!$B$16-85.4)+'HOUSE DATA'!G63*('HOUSE DASHBOARD'!$B$17-60.7)+'HOUSE DATA'!H63*('HOUSE DASHBOARD'!$B$18-53.5))/100 -> 0 | E90: =2*('HOUSE DATA'!I63*('HOUSE DASHBOARD'!$B$21-55.6)+(100-'HOUSE DATA'!I63)*('HOUSE DASHBOARD'!$B$22-44.9))/100 -> 0 | F90: =0 -> 0 | G90: =(D90+E90)/2 -> 0 | H90: ='HOUSE DATA'!C63+C90+G90 -> 20.238351 | I90: =IF(V90="D","D",IF(V90="R","R",IF(H90>=0,"D","R"))) -> D | J90: ='HOUSE DATA'!K63 -> D | K90: =IF(I90=J90,"—",J90&" → "&I90) -> — | L90: =IF(V90="D","D — BALLOT LOCK",IF(V90="R","R — BALLOT LOCK",IF(H90>=0,"D+"&TEXT(H90,"0.00"),"R+"&TEXT(-H90,"0.00")))) -> D+20.24 | M90: =COUNTIF($H$31:$H$465,">"&H90)+COUNTIF($H$31:H90,H90) -> 169 | N90: =IF(V90<>"",100,ABS(H90)) -> 20.238351 | O90: =COUNTIF($N$31:$N$465,"<"&N90)+COUNTIF($N$31:N90,N90) -> 191 | P90: ='HOUSE DATA'!M63 -> 9.2783505 | Q90: ='HOUSE DATA'!N63 -> 2024 HOUSE / prior substitute | R90: =H90-P90 -> 10.96 | S90: =B90-P90 -> 13.759402 | T90: =H90-B90 -> -2.7994019 | U90: Contested | W90: Both major parties or other ballot arrangement | X90: Standard model; verify if ballot changes
A91: ='HOUSE DATA'!A64 -> CA-40 | B91: ='HOUSE DATA'!B64 -> -2.8241294 | C91: =$D$5 -> -0.3 | D91: =2*('HOUSE DATA'!D64*('HOUSE DASHBOARD'!$B$14-42.4)+'HOUSE DATA'!E64*('HOUSE DASHBOARD'!$B$15-54.2)+'HOUSE DATA'!F64*('HOUSE DASHBOARD'!$B$16-85.4)+'HOUSE DATA'!G64*('HOUSE DASHBOARD'!$B$17-60.7)+'HOUSE DATA'!H64*('HOUSE DASHBOARD'!$B$18-53.5))/100 -> 0 | E91: =2*('HOUSE DATA'!I64*('HOUSE DASHBOARD'!$B$21-55.6)+(100-'HOUSE DATA'!I64)*('HOUSE DASHBOARD'!$B$22-44.9))/100 -> 0 | F91: =0 -> 0 | G91: =(D91+E91)/2 -> 0 | H91: ='HOUSE DATA'!C64+C91+G91 -> -2.4420619 | I91: =IF(V91="D","D",IF(V91="R","R",IF(H91>=0,"D","R"))) -> R | J91: ='HOUSE DATA'!K64 -> R | K91: =IF(I91=J91,"—",J91&" → "&I91) -> — | L91: =IF(V91="D","D — BALLOT LOCK",IF(V91="R","R — BALLOT LOCK",IF(H91>=0,"D+"&TEXT(H91,"0.00"),"R+"&TEXT(-H91,"0.00")))) -> R — BALLOT LOCK | M91: =COUNTIF($H$31:$H$465,">"&H91)+COUNTIF($H$31:H91,H91) -> 252 | N91: =IF(V91<>"",100,ABS(H91)) -> 100 | O91: =COUNTIF($N$31:$N$465,"<"&N91)+COUNTIF($N$31:N91,N91) -> 430 | P91: ='HOUSE DATA'!M64 -> -13.402062 | Q91: ='HOUSE DATA'!N64 -> 2024 HOUSE / prior substitute | R91: =H91-P91 -> 10.96 | S91: =B91-P91 -> 10.577932 | T91: =H91-B91 -> 0.38206755 | U91: Two Republicans | V91: R | W91: California top-two primary: two Republicans advanced | X91: Ballot lock: both general-election candidates are Republicans
A92: ='HOUSE DATA'!A65 -> CA-41 | B92: ='HOUSE DATA'!B65 -> 26.281904 | C92: =$D$5 -> -0.3 | D92: =2*('HOUSE DATA'!D65*('HOUSE DASHBOARD'!$B$14-42.4)+'HOUSE DATA'!E65*('HOUSE DASHBOARD'!$B$15-54.2)+'HOUSE DATA'!F65*('HOUSE DASHBOARD'!$B$16-85.4)+'HOUSE DATA'!G65*('HOUSE DASHBOARD'!$B$17-60.7)+'HOUSE DATA'!H65*('HOUSE DASHBOARD'!$B$18-53.5))/100 -> 0 | E92: =2*('HOUSE DATA'!I65*('HOUSE DASHBOARD'!$B$21-55.6)+(100-'HOUSE DATA'!I65)*('HOUSE DASHBOARD'!$B$22-44.9))/100 -> 0 | F92: =0 -> 0 | G92: =(D92+E92)/2 -> 0 | H92: ='HOUSE DATA'!C65+C92+G92 -> 26.423918 | I92: =IF(V92="D","D",IF(V92="R","R",IF(H92>=0,"D","R"))) -> D | J92: ='HOUSE DATA'!K65 -> R | K92: =IF(I92=J92,"—",J92&" → "&I92) -> R → D | L92: =IF(V92="D","D — BALLOT LOCK",IF(V92="R","R — BALLOT LOCK",IF(H92>=0,"D+"&TEXT(H92,"0.00"),"R+"&TEXT(-H92,"0.00")))) -> D+26.42 | M92: =COUNTIF($H$31:$H$465,">"&H92)+COUNTIF($H$31:H92,H92) -> 138 | N92: =IF(V92<>"",100,ABS(H92)) -> 26.423918 | O92: =COUNTIF($N$31:$N$465,"<"&N92)+COUNTIF($N$31:N92,N92) -> 247 | P92: ='HOUSE DATA'!M65 -> 15.463918 | Q92: ='HOUSE DATA'!N65 -> 2024 HOUSE / prior substitute | R92: =H92-P92 -> 10.96 | S92: =B92-P92 -> 10.817986 | T92: =H92-B92 -> 0.14201351 | U92: Contested | W92: Both major parties or other ballot arrangement | X92: Standard model; verify if ballot changes
A93: ='HOUSE DATA'!A66 -> CA-42 | B93: ='HOUSE DATA'!B66 -> 28.180701 | C93: =$D$5 -> -0.3 | D93: =2*('HOUSE DATA'!D66*('HOUSE DASHBOARD'!$B$14-42.4)+'HOUSE DATA'!E66*('HOUSE DASHBOARD'!$B$15-54.2)+'HOUSE DATA'!F66*('HOUSE DASHBOARD'!$B$16-85.4)+'HOUSE DATA'!G66*('HOUSE DASHBOARD'!$B$17-60.7)+'HOUSE DATA'!H66*('HOUSE DASHBOARD'!$B$18-53.5))/100 -> 0 | E93: =2*('HOUSE DATA'!I66*('HOUSE DASHBOARD'!$B$21-55.6)+(100-'HOUSE DATA'!I66)*('HOUSE DASHBOARD'!$B$22-44.9))/100 -> 0 | F93: =0 -> 0 | G93: =(D93+E93)/2 -> 0 | H93: ='HOUSE DATA'!C66+C93+G93 -> 24.362062 | I93: =IF(V93="D","D",IF(V93="R","R",IF(H93>=0,"D","R"))) -> D | J93: ='HOUSE DATA'!K66 -> D | K93: =IF(I93=J93,"—",J93&" → "&I93) -> — | L93: =IF(V93="D","D — BALLOT LOCK",IF(V93="R","R — BALLOT LOCK",IF(H93>=0,"D+"&TEXT(H93,"0.00"),"R+"&TEXT(-H93,"0.00")))) -> D+24.36 | M93: =COUNTIF($H$31:$H$465,">"&H93)+COUNTIF($H$31:H93,H93) -> 148 | N93: =IF(V93<>"",100,ABS(H93)) -> 24.362062 | O93: =COUNTIF($N$31:$N$465,"<"&N93)+COUNTIF($N$31:N93,N93) -> 234 | P93: ='HOUSE DATA'!M66 -> 13.402062 | Q93: ='HOUSE DATA'!N66 -> 2024 HOUSE / prior substitute | R93: =H93-P93 -> 10.96 | S93: =B93-P93 -> 14.778639 | T93: =H93-B93 -> -3.8186393 | U93: Contested | W93: Both major parties or other ballot arrangement | X93: Standard model; verify if ballot changes
A94: ='HOUSE DATA'!A67 -> CA-43 | B94: ='HOUSE DATA'!B67 -> 66.068777 | C94: =$D$5 -> -0.3 | D94: =2*('HOUSE DATA'!D67*('HOUSE DASHBOARD'!$B$14-42.4)+'HOUSE DATA'!E67*('HOUSE DASHBOARD'!$B$15-54.2)+'HOUSE DATA'!F67*('HOUSE DASHBOARD'!$B$16-85.4)+'HOUSE DATA'!G67*('HOUSE DASHBOARD'!$B$17-60.7)+'HOUSE DATA'!H67*('HOUSE DASHBOARD'!$B$18-53.5))/100 -> 0 | E94: =2*('HOUSE DATA'!I67*('HOUSE DASHBOARD'!$B$21-55.6)+(100-'HOUSE DATA'!I67)*('HOUSE DASHBOARD'!$B$22-44.9))/100 -> 0 | F94: =0 -> 0 | G94: =(D94+E94)/2 -> 0 | H94: ='HOUSE DATA'!C67+C94+G94 -> 61.475464 | I94: =IF(V94="D","D",IF(V94="R","R",IF(H94>=0,"D","R"))) -> D | J94: ='HOUSE DATA'!K67 -> D | K94: =IF(I94=J94,"—",J94&" → "&I94) -> — | L94: =IF(V94="D","D — BALLOT LOCK",IF(V94="R","R — BALLOT LOCK",IF(H94>=0,"D+"&TEXT(H94,"0.00"),"R+"&TEXT(-H94,"0.00")))) -> D+61.48 | M94: =COUNTIF($H$31:$H$465,">"&H94)+COUNTIF($H$31:H94,H94) -> 28 | N94: =IF(V94<>"",100,ABS(H94)) -> 61.475464 | O94: =COUNTIF($N$31:$N$465,"<"&N94)+COUNTIF($N$31:N94,N94) -> 399 | P94: ='HOUSE DATA'!M67 -> 50.515464 | Q94: ='HOUSE DATA'!N67 -> 2024 HOUSE / prior substitute | R94: =H94-P94 -> 10.96 | S94: =B94-P94 -> 15.553313 | T94: =H94-B94 -> -4.5933126 | U94: Contested | W94: Both major parties or other ballot arrangement | X94: Standard model; verify if ballot changes
A95: ='HOUSE DATA'!A68 -> CA-44 | B95: ='HOUSE DATA'!B68 -> 50.921048 | C95: =$D$5 -> -0.3 | D95: =2*('HOUSE DATA'!D68*('HOUSE DASHBOARD'!$B$14-42.4)+'HOUSE DATA'!E68*('HOUSE DASHBOARD'!$B$15-54.2)+'HOUSE DATA'!F68*('HOUSE DASHBOARD'!$B$16-85.4)+'HOUSE DATA'!G68*('HOUSE DASHBOARD'!$B$17-60.7)+'HOUSE DATA'!H68*('HOUSE DASHBOARD'!$B$18-53.5))/100 -> 0 | E95: =2*('HOUSE DATA'!I68*('HOUSE DASHBOARD'!$B$21-55.6)+(100-'HOUSE DATA'!I68)*('HOUSE DASHBOARD'!$B$22-44.9))/100 -> 0 | F95: =0 -> 0 | G95: =(D95+E95)/2 -> 0 | H95: ='HOUSE DATA'!C68+C95+G95 -> 47.042474 | I95: =IF(V95="D","D",IF(V95="R","R",IF(H95>=0,"D","R"))) -> D | J95: ='HOUSE DATA'!K68 -> D | K95: =IF(I95=J95,"—",J95&" → "&I95) -> — | L95: =IF(V95="D","D — BALLOT LOCK",IF(V95="R","R — BALLOT LOCK",IF(H95>=0,"D+"&TEXT(H95,"0.00"),"R+"&TEXT(-H95,"0.00")))) -> D+47.04 | M95: =COUNTIF($H$31:$H$465,">"&H95)+COUNTIF($H$31:H95,H95) -> 67 | N95: =IF(V95<>"",100,ABS(H95)) -> 47.042474 | O95: =COUNTIF($N$31:$N$465,"<"&N95)+COUNTIF($N$31:N95,N95) -> 358 | P95: ='HOUSE DATA'!M68 -> 36.082474 | Q95: ='HOUSE DATA'!N68 -> 2024 HOUSE / prior substitute | R95: =H95-P95 -> 10.96 | S95: =B95-P95 -> 14.838574 | T95: =H95-B95 -> -3.8785736 | U95: Contested | W95: Both major parties or other ballot arrangement | X95: Standard model; verify if ballot changes
A96: ='HOUSE DATA'!A69 -> CA-45 | B96: ='HOUSE DATA'!B69 -> 17.502492 | C96: =$D$5 -> -0.3 | D96: =2*('HOUSE DATA'!D69*('HOUSE DASHBOARD'!$B$14-42.4)+'HOUSE DATA'!E69*('HOUSE DASHBOARD'!$B$15-54.2)+'HOUSE DATA'!F69*('HOUSE DASHBOARD'!$B$16-85.4)+'HOUSE DATA'!G69*('HOUSE DASHBOARD'!$B$17-60.7)+'HOUSE DATA'!H69*('HOUSE DASHBOARD'!$B$18-53.5))/100 -> 0 | E96: =2*('HOUSE DATA'!I69*('HOUSE DASHBOARD'!$B$21-55.6)+(100-'HOUSE DATA'!I69)*('HOUSE DASHBOARD'!$B$22-44.9))/100 -> 0 | F96: =0 -> 0 | G96: =(D96+E96)/2 -> 0 | H96: ='HOUSE DATA'!C69+C96+G96 -> 15.041633 | I96: =IF(V96="D","D",IF(V96="R","R",IF(H96>=0,"D","R"))) -> D | J96: ='HOUSE DATA'!K69 -> D | K96: =IF(I96=J96,"—",J96&" → "&I96) -> — | L96: =IF(V96="D","D — BALLOT LOCK",IF(V96="R","R — BALLOT LOCK",IF(H96>=0,"D+"&TEXT(H96,"0.00"),"R+"&TEXT(-H96,"0.00")))) -> D+15.04 | M96: =COUNTIF($H$31:$H$465,">"&H96)+COUNTIF($H$31:H96,H96) -> 198 | N96: =IF(V96<>"",100,ABS(H96)) -> 15.041633 | O96: =COUNTIF($N$31:$N$465,"<"&N96)+COUNTIF($N$31:N96,N96) -> 134 | P96: ='HOUSE DATA'!M69 -> 4.0816327 | Q96: ='HOUSE DATA'!N69 -> 2024 HOUSE / prior substitute | R96: =H96-P96 -> 10.96 | S96: =B96-P96 -> 13.420859 | T96: =H96-B96 -> -2.4608595 | U96: Contested | W96: Both major parties or other ballot arrangement | X96: Standard model; verify if ballot changes
A97: ='HOUSE DATA'!A70 -> CA-46 | B97: ='HOUSE DATA'!B70 -> 32.610838 | C97: =$D$5 -> -0.3 | D97: =2*('HOUSE DATA'!D70*('HOUSE DASHBOARD'!$B$14-42.4)+'HOUSE DATA'!E70*('HOUSE DASHBOARD'!$B$15-54.2)+'HOUSE DATA'!F70*('HOUSE DASHBOARD'!$B$16-85.4)+'HOUSE DATA'!G70*('HOUSE DASHBOARD'!$B$17-60.7)+'HOUSE DATA'!H70*('HOUSE DASHBOARD'!$B$18-53.5))/100 -> 0 | E97: =2*('HOUSE DATA'!I70*('HOUSE DASHBOARD'!$B$21-55.6)+(100-'HOUSE DATA'!I70)*('HOUSE DASHBOARD'!$B$22-44.9))/100 -> 0 | F97: =0 -> 0 | G97: =(D97+E97)/2 -> 0 | H97: ='HOUSE DATA'!C70+C97+G97 -> 28.485773 | I97: =IF(V97="D","D",IF(V97="R","R",IF(H97>=0,"D","R"))) -> D | J97: ='HOUSE DATA'!K70 -> D | K97: =IF(I97=J97,"—",J97&" → "&I97) -> — | L97: =IF(V97="D","D — BALLOT LOCK",IF(V97="R","R — BALLOT LOCK",IF(H97>=0,"D+"&TEXT(H97,"0.00"),"R+"&TEXT(-H97,"0.00")))) -> D+28.49 | M97: =COUNTIF($H$31:$H$465,">"&H97)+COUNTIF($H$31:H97,H97) -> 126 | N97: =IF(V97<>"",100,ABS(H97)) -> 28.485773 | O97: =COUNTIF($N$31:$N$465,"<"&N97)+COUNTIF($N$31:N97,N97) -> 265 | P97: ='HOUSE DATA'!M70 -> 17.525773 | Q97: ='HOUSE DATA'!N70 -> 2024 HOUSE / prior substitute | R97: =H97-P97 -> 10.96 | S97: =B97-P97 -> 15.085065 | T97: =H97-B97 -> -4.1250651 | U97: Contested | W97: Both major parties or other ballot arrangement | X97: Standard model; verify if ballot changes
A98: ='HOUSE DATA'!A71 -> CA-47 | B98: ='HOUSE DATA'!B71 -> 20.735432 | C98: =$D$5 -> -0.3 | D98: =2*('HOUSE DATA'!D71*('HOUSE DASHBOARD'!$B$14-42.4)+'HOUSE DATA'!E71*('HOUSE DASHBOARD'!$B$15-54.2)+'HOUSE DATA'!F71*('HOUSE DASHBOARD'!$B$16-85.4)+'HOUSE DATA'!G71*('HOUSE DASHBOARD'!$B$17-60.7)+'HOUSE DATA'!H71*('HOUSE DASHBOARD'!$B$18-53.5))/100 -> 0 | E98: =2*('HOUSE DATA'!I71*('HOUSE DASHBOARD'!$B$21-55.6)+(100-'HOUSE DATA'!I71)*('HOUSE DASHBOARD'!$B$22-44.9))/100 -> 0 | F98: =0 -> 0 | G98: =(D98+E98)/2 -> 0 | H98: ='HOUSE DATA'!C71+C98+G98 -> 21.376667 | I98: =IF(V98="D","D",IF(V98="R","R",IF(H98>=0,"D","R"))) -> D | J98: ='HOUSE DATA'!K71 -> D | K98: =IF(I98=J98,"—",J98&" → "&I98) -> — | L98: =IF(V98="D","D — BALLOT LOCK",IF(V98="R","R — BALLOT LOCK",IF(H98>=0,"D+"&TEXT(H98,"0.00"),"R+"&TEXT(-H98,"0.00")))) -> D+21.38 | M98: =COUNTIF($H$31:$H$465,">"&H98)+COUNTIF($H$31:H98,H98) -> 163 | N98: =IF(V98<>"",100,ABS(H98)) -> 21.376667 | O98: =COUNTIF($N$31:$N$465,"<"&N98)+COUNTIF($N$31:N98,N98) -> 203 | P98: ='HOUSE DATA'!M71 -> 10.416667 | Q98: ='HOUSE DATA'!N71 -> 2024 HOUSE / prior substitute | R98: =H98-P98 -> 10.96 | S98: =B98-P98 -> 10.318766 | T98: =H98-B98 -> 0.64123428 | U98: Contested | W98: Both major parties or other ballot arrangement | X98: Standard model; verify if ballot changes
A99: ='HOUSE DATA'!A72 -> CA-48 | B99: ='HOUSE DATA'!B72 -> 13.293136 | C99: =$D$5 -> -0.3 | D99: =2*('HOUSE DATA'!D72*('HOUSE DASHBOARD'!$B$14-42.4)+'HOUSE DATA'!E72*('HOUSE DASHBOARD'!$B$15-54.2)+'HOUSE DATA'!F72*('HOUSE DASHBOARD'!$B$16-85.4)+'HOUSE DATA'!G72*('HOUSE DASHBOARD'!$B$17-60.7)+'HOUSE DATA'!H72*('HOUSE DASHBOARD'!$B$18-53.5))/100 -> 0 | E99: =2*('HOUSE DATA'!I72*('HOUSE DASHBOARD'!$B$21-55.6)+(100-'HOUSE DATA'!I72)*('HOUSE DASHBOARD'!$B$22-44.9))/100 -> 0 | F99: =0 -> 0 | G99: =(D99+E99)/2 -> 0 | H99: ='HOUSE DATA'!C72+C99+G99 -> 13.94 | I99: =IF(V99="D","D",IF(V99="R","R",IF(H99>=0,"D","R"))) -> D | J99: ='HOUSE DATA'!K72 -> R | K99: =IF(I99=J99,"—",J99&" → "&I99) -> R → D | L99: =IF(V99="D","D — BALLOT LOCK",IF(V99="R","R — BALLOT LOCK",IF(H99>=0,"D+"&TEXT(H99,"0.00"),"R+"&TEXT(-H99,"0.00")))) -> D+13.94 | M99: =COUNTIF($H$31:$H$465,">"&H99)+COUNTIF($H$31:H99,H99) -> 201 | N99: =IF(V99<>"",100,ABS(H99)) -> 13.94 | O99: =COUNTIF($N$31:$N$465,"<"&N99)+COUNTIF($N$31:N99,N99) -> 126 | P99: ='HOUSE DATA'!M72 -> 3.39 | Q99: ='HOUSE DATA'!N72 -> 2024 PRESIDENT (open seat) | R99: =H99-P99 -> 10.55 | S99: =B99-P99 -> 9.9031361 | T99: =H99-B99 -> 0.64686392 | U99: Contested | W99: Both major parties or other ballot arrangement | X99: Standard model; verify if ballot changes
A100: ='HOUSE DATA'!A73 -> CA-49 | B100: ='HOUSE DATA'!B73 -> 22.843436 | C100: =$D$5 -> -0.3 | D100: =2*('HOUSE DATA'!D73*('HOUSE DASHBOARD'!$B$14-42.4)+'HOUSE DATA'!E73*('HOUSE DASHBOARD'!$B$15-54.2)+'HOUSE DATA'!F73*('HOUSE DASHBOARD'!$B$16-85.4)+'HOUSE DATA'!G73*('HOUSE DASHBOARD'!$B$17-60.7)+'HOUSE DATA'!H73*('HOUSE DASHBOARD'!$B$18-53.5))/100 -> 0 | E100: =2*('HOUSE DATA'!I73*('HOUSE DASHBOARD'!$B$21-55.6)+(100-'HOUSE DATA'!I73)*('HOUSE DASHBOARD'!$B$22-44.9))/100 -> 0 | F100: =0 -> 0 | G100: =(D100+E100)/2 -> 0 | H100: ='HOUSE DATA'!C73+C100+G100 -> 24.362062 | I100: =IF(V100="D","D",IF(V100="R","R",IF(H100>=0,"D","R"))) -> D | J100: ='HOUSE DATA'!K73 -> D | K100: =IF(I100=J100,"—",J100&" → "&I100) -> — | L100: =IF(V100="D","D — BALLOT LOCK",IF(V100="R","R — BALLOT LOCK",IF(H100>=0,"D+"&TEXT(H100,"0.00"),"R+"&TEXT(-H100,"0.00")))) -> D+24.36 | M100: =COUNTIF($H$31:$H$465,">"&H100)+COUNTIF($H$31:H100,H100) -> 149 | N100: =IF(V100<>"",100,ABS(H100)) -> 24.362062 | O100: =COUNTIF($N$31:$N$465,"<"&N100)+COUNTIF($N$31:N100,N100) -> 235 | P100: ='HOUSE DATA'!M73 -> 13.402062 | Q100: ='HOUSE DATA'!N73 -> 2024 HOUSE / prior substitute | R100: =H100-P100 -> 10.96 | S100: =B100-P100 -> 9.441374 | T100: =H100-B100 -> 1.518626 | U100: Contested | W100: Both major parties or other ballot arrangement | X100: Standard model; verify if ballot changes
A101: ='HOUSE DATA'!A74 -> CA-50 | B101: ='HOUSE DATA'!B74 -> 29.234546 | C101: =$D$5 -> -0.3 | D101: =2*('HOUSE DATA'!D74*('HOUSE DASHBOARD'!$B$14-42.4)+'HOUSE DATA'!E74*('HOUSE DASHBOARD'!$B$15-54.2)+'HOUSE DATA'!F74*('HOUSE DASHBOARD'!$B$16-85.4)+'HOUSE DATA'!G74*('HOUSE DASHBOARD'!$B$17-60.7)+'HOUSE DATA'!H74*('HOUSE DASHBOARD'!$B$18-53.5))/100 -> 0 | E101: =2*('HOUSE DATA'!I74*('HOUSE DASHBOARD'!$B$21-55.6)+(100-'HOUSE DATA'!I74)*('HOUSE DASHBOARD'!$B$22-44.9))/100 -> 0 | F101: =0 -> 0 | G101: =(D101+E101)/2 -> 0 | H101: ='HOUSE DATA'!C74+C101+G101 -> 30.547629 | I101: =IF(V101="D","D",IF(V101="R","R",IF(H101>=0,"D","R"))) -> D | J101: ='HOUSE DATA'!K74 -> D | K101: =IF(I101=J101,"—",J101&" → "&I101) -> — | L101: =IF(V101="D","D — BALLOT LOCK",IF(V101="R","R — BALLOT LOCK",IF(H101>=0,"D+"&TEXT(H101,"0.00"),"R+"&TEXT(-H101,"0.00")))) -> D+30.55 | M101: =COUNTIF($H$31:$H$465,">"&H101)+COUNTIF($H$31:H101,H101) -> 118 | N101: =IF(V101<>"",100,ABS(H101)) -> 30.547629 | O101: =COUNTIF($N$31:$N$465,"<"&N101)+COUNTIF($N$31:N101,N101) -> 282 | P101: ='HOUSE DATA'!M74 -> 19.587629 | Q101: ='HOUSE DATA'!N74 -> 2024 HOUSE / prior substitute | R101: =H101-P101 -> 10.96 | S101: =B101-P101 -> 9.6469172 | T101: =H101-B101 -> 1.3130828 | U101: Contested | W101: Both major parties or other ballot arrangement | X101: Standard model; verify if ballot changes
A102: ='HOUSE DATA'!A75 -> CA-51 | B102: ='HOUSE DATA'!B75 -> 30.206291 | C102: =$D$5 -> -0.3 | D102: =2*('HOUSE DATA'!D75*('HOUSE DASHBOARD'!$B$14-42.4)+'HOUSE DATA'!E75*('HOUSE DASHBOARD'!$B$15-54.2)+'HOUSE DATA'!F75*('HOUSE DASHBOARD'!$B$16-85.4)+'HOUSE DATA'!G75*('HOUSE DASHBOARD'!$B$17-60.7)+'HOUSE DATA'!H75*('HOUSE DASHBOARD'!$B$18-53.5))/100 -> 0 | E102: =2*('HOUSE DATA'!I75*('HOUSE DASHBOARD'!$B$21-55.6)+(100-'HOUSE DATA'!I75)*('HOUSE DASHBOARD'!$B$22-44.9))/100 -> 0 | F102: =0 -> 0 | G102: =(D102+E102)/2 -> 0 | H102: ='HOUSE DATA'!C75+C102+G102 -> 30.547629 | I102: =IF(V102="D","D",IF(V102="R","R",IF(H102>=0,"D","R"))) -> D | J102: ='HOUSE DATA'!K75 -> D | K102: =IF(I102=J102,"—",J102&" → "&I102) -> — | L102: =IF(V102="D","D — BALLOT LOCK",IF(V102="R","R — BALLOT LOCK",IF(H102>=0,"D+"&TEXT(H102,"0.00"),"R+"&TEXT(-H102,"0.00")))) -> D+30.55 | M102: =COUNTIF($H$31:$H$465,">"&H102)+COUNTIF($H$31:H102,H102) -> 119 | N102: =IF(V102<>"",100,ABS(H102)) -> 30.547629 | O102: =COUNTIF($N$31:$N$465,"<"&N102)+COUNTIF($N$31:N102,N102) -> 283 | P102: ='HOUSE DATA'!M75 -> 19.587629 | Q102: ='HOUSE DATA'!N75 -> 2024 HOUSE / prior substitute | R102: =H102-P102 -> 10.96 | S102: =B102-P102 -> 10.618662 | T102: =H102-B102 -> 0.34133778 | U102: Contested | W102: Both major parties or other ballot arrangement | X102: Standard model; verify if ballot changes
A103: ='HOUSE DATA'!A76 -> CA-52 | B103: ='HOUSE DATA'!B76 -> 32.474156 | C103: =$D$5 -> -0.3 | D103: =2*('HOUSE DATA'!D76*('HOUSE DASHBOARD'!$B$14-42.4)+'HOUSE DATA'!E76*('HOUSE DASHBOARD'!$B$15-54.2)+'HOUSE DATA'!F76*('HOUSE DASHBOARD'!$B$16-85.4)+'HOUSE DATA'!G76*('HOUSE DASHBOARD'!$B$17-60.7)+'HOUSE DATA'!H76*('HOUSE DASHBOARD'!$B$18-53.5))/100 -> 0 | E103: =2*('HOUSE DATA'!I76*('HOUSE DASHBOARD'!$B$21-55.6)+(100-'HOUSE DATA'!I76)*('HOUSE DASHBOARD'!$B$22-44.9))/100 -> 0 | F103: =0 -> 0 | G103: =(D103+E103)/2 -> 0 | H103: ='HOUSE DATA'!C76+C103+G103 -> 28.485773 | I103: =IF(V103="D","D",IF(V103="R","R",IF(H103>=0,"D","R"))) -> D | J103: ='HOUSE DATA'!K76 -> D | K103: =IF(I103=J103,"—",J103&" → "&I103) -> — | L103: =IF(V103="D","D — BALLOT LOCK",IF(V103="R","R — BALLOT LOCK",IF(H103>=0,"D+"&TEXT(H103,"0.00"),"R+"&TEXT(-H103,"0.00")))) -> D+28.49 | M103: =COUNTIF($H$31:$H$465,">"&H103)+COUNTIF($H$31:H103,H103) -> 127 | N103: =IF(V103<>"",100,ABS(H103)) -> 28.485773 | O103: =COUNTIF($N$31:$N$465,"<"&N103)+COUNTIF($N$31:N103,N103) -> 266 | P103: ='HOUSE DATA'!M76 -> 17.525773 | Q103: ='HOUSE DATA'!N76 -> 2024 HOUSE / prior substitute | R103: =H103-P103 -> 10.96 | S103: =B103-P103 -> 14.948383 | T103: =H103-B103 -> -3.9883826 | U103: Contested | W103: Both major parties or other ballot arrangement | X103: Standard model; verify if ballot changes
... A126: ='HOUSE DATA'!A99 -> FL-09 | B126: ='HOUSE DATA'!B99 -> -3.3904703 | C126: =$D$5 -> -0.3 | D126: =2*('HOUSE DATA'!D99*('HOUSE DASHBOARD'!$B$14-42.4)+'HOUSE DATA'!E99*('HOUSE DASHBOARD'!$B$15-54.2)+'HOUSE DATA'!F99*('HOUSE DASHBOARD'!$B$16-85.4)+'HOUSE DATA'!G99*('HOUSE DASHBOARD'!$B$17-60.7)+'HOUSE DATA'!H99*('HOUSE DASHBOARD'!$B$18-53.5))/100 -> 0 | E126: =2*('HOUSE DATA'!I99*('HOUSE DASHBOARD'!$B$21-55.6)+(100-'HOUSE DATA'!I99)*('HOUSE DASHBOARD'!$B$22-44.9))/100 -> 0 | F126: =0 -> 0 | G126: =(D126+E126)/2 -> 0 | H126: ='HOUSE DATA'!C99+C126+G126 -> -6.2117172 | I126: =IF(V126="D","D",IF(V126="R","R",IF(H126>=0,"D","R"))) -> R | J126: ='HOUSE DATA'!K99 -> D | K126: =IF(I126=J126,"—",J126&" → "&I126) -> D → R | L126: =IF(V126="D","D — BALLOT LOCK",IF(V126="R","R — BALLOT LOCK",IF(H126>=0,"D+"&TEXT(H126,"0.00"),"R+"&TEXT(-H126,"0.00")))) -> R+6.21 | M126: =COUNTIF($H$31:$H$465,">"&H126)+COUNTIF($H$31:H126,H126) -> 275 | N126: =IF(V126<>"",100,ABS(H126)) -> 6.2117172 | O126: =COUNTIF($N$31:$N$465,"<"&N126)+COUNTIF($N$31:N126,N126) -> 52 | P126: ='HOUSE DATA'!M99 -> -17.171717 | Q126: ='HOUSE DATA'!N99 -> 2024 HOUSE / prior substitute | R126: =H126-P126 -> 10.96 | S126: =B126-P126 -> 13.781247 | T126: =H126-B126 -> -2.8212468 | U126: Contested | W126: Both major parties or other ballot arrangement | X126: Standard model; verify if ballot changes
A127: ='HOUSE DATA'!A100 -> FL-10 | B127: ='HOUSE DATA'!B100 -> 37.49927 | C127: =$D$5 -> -0.3 | D127: =2*('HOUSE DATA'!D100*('HOUSE DASHBOARD'!$B$14-42.4)+'HOUSE DATA'!E100*('HOUSE DASHBOARD'!$B$15-54.2)+'HOUSE DATA'!F100*('HOUSE DASHBOARD'!$B$16-85.4)+'HOUSE DATA'!G100*('HOUSE DASHBOARD'!$B$17-60.7)+'HOUSE DATA'!H100*('HOUSE DASHBOARD'!$B$18-53.5))/100 -> 0 | E127: =2*('HOUSE DATA'!I100*('HOUSE DASHBOARD'!$B$21-55.6)+(100-'HOUSE DATA'!I100)*('HOUSE DASHBOARD'!$B$22-44.9))/100 -> 0 | F127: =0 -> 0 | G127: =(D127+E127)/2 -> 0 | H127: ='HOUSE DATA'!C100+C127+G127 -> 35.449796 | I127: =IF(V127="D","D",IF(V127="R","R",IF(H127>=0,"D","R"))) -> D | J127: ='HOUSE DATA'!K100 -> D | K127: =IF(I127=J127,"—",J127&" → "&I127) -> — | L127: =IF(V127="D","D — BALLOT LOCK",IF(V127="R","R — BALLOT LOCK",IF(H127>=0,"D+"&TEXT(H127,"0.00"),"R+"&TEXT(-H127,"0.00")))) -> D — BALLOT LOCK | M127: =COUNTIF($H$31:$H$465,">"&H127)+COUNTIF($H$31:H127,H127) -> 99 | N127: =IF(V127<>"",100,ABS(H127)) -> 100 | O127: =COUNTIF($N$31:$N$465,"<"&N127)+COUNTIF($N$31:N127,N127) -> 431 | P127: ='HOUSE DATA'!M100 -> 24.489796 | Q127: ='HOUSE DATA'!N100 -> 2024 HOUSE / prior substitute | R127: =H127-P127 -> 10.96 | S127: =B127-P127 -> 13.009475 | T127: =H127-B127 -> -2.0494746 | U127: Unopposed | V127: D | W127: No general-election opponent listed (write-in rules may apply) | X127: Ballot lock: Democratic candidate only
A128: ='HOUSE DATA'!A101 -> FL-11 | B128: ='HOUSE DATA'!B101 -> -5.286819 | C128: =$D$5 -> -0.3 | D128: =2*('HOUSE DATA'!D101*('HOUSE DASHBOARD'!$B$14-42.4)+'HOUSE DATA'!E101*('HOUSE DASHBOARD'!$B$15-54.2)+'HOUSE DATA'!F101*('HOUSE DASHBOARD'!$B$16-85.4)+'HOUSE DATA'!G101*('HOUSE DASHBOARD'!$B$17-60.7)+'HOUSE DATA'!H101*('HOUSE DASHBOARD'!$B$18-53.5))/100 -> 0 | E128: =2*('HOUSE DATA'!I101*('HOUSE DASHBOARD'!$B$21-55.6)+(100-'HOUSE DATA'!I101)*('HOUSE DASHBOARD'!$B$22-44.9))/100 -> 0 | F128: =0 -> 0 | G128: =(D128+E128)/2 -> 0 | H128: ='HOUSE DATA'!C101+C128+G128 -> -5.14 | I128: =IF(V128="D","D",IF(V128="R","R",IF(H128>=0,"D","R"))) -> R | J128: ='HOUSE DATA'!K101 -> R | K128: =IF(I128=J128,"—",J128&" → "&I128) -> — | L128: =IF(V128="D","D — BALLOT LOCK",IF(V128="R","R — BALLOT LOCK",IF(H128>=0,"D+"&TEXT(H128,"0.00"),"R+"&TEXT(-H128,"0.00")))) -> R+5.14 | M128: =COUNTIF($H$31:$H$465,">"&H128)+COUNTIF($H$31:H128,H128) -> 268 | N128: =IF(V128<>"",100,ABS(H128)) -> 5.14 | O128: =COUNTIF($N$31:$N$465,"<"&N128)+COUNTIF($N$31:N128,N128) -> 42 | P128: ='HOUSE DATA'!M101 -> -15.69 | Q128: ='HOUSE DATA'!N101 -> 2024 PRESIDENT (open seat) | R128: =H128-P128 -> 10.55 | S128: =B128-P128 -> 10.403181 | T128: =H128-B128 -> 0.146819 | U128: Contested | W128: Both major parties or other ballot arrangement | X128: Standard model; verify if ballot changes
A129: ='HOUSE DATA'!A102 -> FL-12 | B129: ='HOUSE DATA'!B102 -> -4.0200199 | C129: =$D$5 -> -0.3 | D129: =2*('HOUSE DATA'!D102*('HOUSE DASHBOARD'!$B$14-42.4)+'HOUSE DATA'!E102*('HOUSE DASHBOARD'!$B$15-54.2)+'HOUSE DATA'!F102*('HOUSE DASHBOARD'!$B$16-85.4)+'HOUSE DATA'!G102*('HOUSE DASHBOARD'!$B$17-60.7)+'HOUSE DATA'!H102*('HOUSE DASHBOARD'!$B$18-53.5))/100 -> 0 | E129: =2*('HOUSE DATA'!I102*('HOUSE DASHBOARD'!$B$21-55.6)+(100-'HOUSE DATA'!I102)*('HOUSE DASHBOARD'!$B$22-44.9))/100 -> 0 | F129: =0 -> 0 | G129: =(D129+E129)/2 -> 0 | H129: ='HOUSE DATA'!C102+C129+G129 -> -4.1915152 | I129: =IF(V129="D","D",IF(V129="R","R",IF(H129>=0,"D","R"))) -> R | J129: ='HOUSE DATA'!K102 -> R | K129: =IF(I129=J129,"—",J129&" → "&I129) -> — | L129: =IF(V129="D","D — BALLOT LOCK",IF(V129="R","R — BALLOT LOCK",IF(H129>=0,"D+"&TEXT(H129,"0.00"),"R+"&TEXT(-H129,"0.00")))) -> R+4.19 | M129: =COUNTIF($H$31:$H$465,">"&H129)+COUNTIF($H$31:H129,H129) -> 262 | N129: =IF(V129<>"",100,ABS(H129)) -> 4.1915152 | O129: =COUNTIF($N$31:$N$465,"<"&N129)+COUNTIF($N$31:N129,N129) -> 35 | P129: ='HOUSE DATA'!M102 -> -15.151515 | Q129: ='HOUSE DATA'!N102 -> 2024 HOUSE / prior substitute | R129: =H129-P129 -> 10.96 | S129: =B129-P129 -> 11.131495 | T129: =H129-B129 -> -0.17149525 | U129: Contested | W129: Both major parties or other ballot arrangement | X129: Standard model; verify if ballot changes
A130: ='HOUSE DATA'!A103 -> FL-13 | B130: ='HOUSE DATA'!B103 -> -2.6128684 | C130: =$D$5 -> -0.3 | D130: =2*('HOUSE DATA'!D103*('HOUSE DASHBOARD'!$B$14-42.4)+'HOUSE DATA'!E103*('HOUSE DASHBOARD'!$B$15-54.2)+'HOUSE DATA'!F103*('HOUSE DASHBOARD'!$B$16-85.4)+'HOUSE DATA'!G103*('HOUSE DASHBOARD'!$B$17-60.7)+'HOUSE DATA'!H103*('HOUSE DASHBOARD'!$B$18-53.5))/100 -> 0 | E130: =2*('HOUSE DATA'!I103*('HOUSE DASHBOARD'!$B$21-55.6)+(100-'HOUSE DATA'!I103)*('HOUSE DASHBOARD'!$B$22-44.9))/100 -> 0 | F130: =0 -> 0 | G130: =(D130+E130)/2 -> 0 | H130: ='HOUSE DATA'!C103+C130+G130 -> -2.1713131 | I130: =IF(V130="D","D",IF(V130="R","R",IF(H130>=0,"D","R"))) -> R | J130: ='HOUSE DATA'!K103 -> R | K130: =IF(I130=J130,"—",J130&" → "&I130) -> — | L130: =IF(V130="D","D — BALLOT LOCK",IF(V130="R","R — BALLOT LOCK",IF(H130>=0,"D+"&TEXT(H130,"0.00"),"R+"&TEXT(-H130,"0.00")))) -> R+2.17 | M130: =COUNTIF($H$31:$H$465,">"&H130)+COUNTIF($H$31:H130,H130) -> 249 | N130: =IF(V130<>"",100,ABS(H130)) -> 2.1713131 | O130: =COUNTIF($N$31:$N$465,"<"&N130)+COUNTIF($N$31:N130,N130) -> 21 | P130: ='HOUSE DATA'!M103 -> -13.131313 | Q130: ='HOUSE DATA'!N103 -> 2024 HOUSE / prior substitute | R130: =H130-P130 -> 10.96 | S130: =B130-P130 -> 10.518445 | T130: =H130-B130 -> 0.44155523 | U130: Contested | W130: Both major parties or other ballot arrangement | X130: Standard model; verify if ballot changes
A131: ='HOUSE DATA'!A104 -> FL-14 | B131: ='HOUSE DATA'!B104 -> 0.63459683 | C131: =$D$5 -> -0.3 | D131: =2*('HOUSE DATA'!D104*('HOUSE DASHBOARD'!$B$14-42.4)+'HOUSE DATA'!E104*('HOUSE DASHBOARD'!$B$15-54.2)+'HOUSE DATA'!F104*('HOUSE DASHBOARD'!$B$16-85.4)+'HOUSE DATA'!G104*('HOUSE DASHBOARD'!$B$17-60.7)+'HOUSE DATA'!H104*('HOUSE DASHBOARD'!$B$18-53.5))/100 -> 0 | E131: =2*('HOUSE DATA'!I104*('HOUSE DASHBOARD'!$B$21-55.6)+(100-'HOUSE DATA'!I104)*('HOUSE DASHBOARD'!$B$22-44.9))/100 -> 0 | F131: =0 -> 0 | G131: =(D131+E131)/2 -> 0 | H131: ='HOUSE DATA'!C104+C131+G131 -> -0.15111111 | I131: =IF(V131="D","D",IF(V131="R","R",IF(H131>=0,"D","R"))) -> R | J131: ='HOUSE DATA'!K104 -> D | K131: =IF(I131=J131,"—",J131&" → "&I131) -> D → R | L131: =IF(V131="D","D — BALLOT LOCK",IF(V131="R","R — BALLOT LOCK",IF(H131>=0,"D+"&TEXT(H131,"0.00"),"R+"&TEXT(-H131,"0.00")))) -> R+0.15 | M131: =COUNTIF($H$31:$H$465,">"&H131)+COUNTIF($H$31:H131,H131) -> 238 | N131: =IF(V131<>"",100,ABS(H131)) -> 0.15111111 | O131: =COUNTIF($N$31:$N$465,"<"&N131)+COUNTIF($N$31:N131,N131) -> 3 | P131: ='HOUSE DATA'!M104 -> -11.111111 | Q131: ='HOUSE DATA'!N104 -> 2024 HOUSE / prior substitute | R131: =H131-P131 -> 10.96 | S131: =B131-P131 -> 11.745708 | T131: =H131-B131 -> -0.78570794 | U131: Contested | W131: Both major parties or other ballot arrangement | X131: Standard model; verify if ballot changes
A132: ='HOUSE DATA'!A105 -> FL-15 | B132: ='HOUSE DATA'!B105 -> -8.5136442 | C132: =$D$5 -> -0.3 | D132: =2*('HOUSE DATA'!D105*('HOUSE DASHBOARD'!$B$14-42.4)+'HOUSE DATA'!E105*('HOUSE DASHBOARD'!$B$15-54.2)+'HOUSE DATA'!F105*('HOUSE DASHBOARD'!$B$16-85.4)+'HOUSE DATA'!G105*('HOUSE DASHBOARD'!$B$17-60.7)+'HOUSE DATA'!H105*('HOUSE DASHBOARD'!$B$18-53.5))/100 -> 0 | E132: =2*('HOUSE DATA'!I105*('HOUSE DASHBOARD'!$B$21-55.6)+(100-'HOUSE DATA'!I105)*('HOUSE DASHBOARD'!$B$22-44.9))/100 -> 0 | F132: =0 -> 0 | G132: =(D132+E132)/2 -> 0 | H132: ='HOUSE DATA'!C105+C132+G132 -> -9.4481633 | I132: =IF(V132="D","D",IF(V132="R","R",IF(H132>=0,"D","R"))) -> R | J132: ='HOUSE DATA'!K105 -> R | K132: =IF(I132=J132,"—",J132&" → "&I132) -> — | L132: =IF(V132="D","D — BALLOT LOCK",IF(V132="R","R — BALLOT LOCK",IF(H132>=0,"D+"&TEXT(H132,"0.00"),"R+"&TEXT(-H132,"0.00")))) -> R+9.45 | M132: =COUNTIF($H$31:$H$465,">"&H132)+COUNTIF($H$31:H132,H132) -> 296 | N132: =IF(V132<>"",100,ABS(H132)) -> 9.4481633 | O132: =COUNTIF($N$31:$N$465,"<"&N132)+COUNTIF($N$31:N132,N132) -> 81 | P132: ='HOUSE DATA'!M105 -> -20.408163 | Q132: ='HOUSE DATA'!N105 -> 2024 HOUSE / prior substitute | R132: =H132-P132 -> 10.96 | S132: =B132-P132 -> 11.894519 | T132: =H132-B132 -> -0.93451904 | U132: Contested | W132: Both major parties or other ballot arrangement | X132: Standard model; verify if ballot changes
A133: ='HOUSE DATA'!A106 -> FL-16 | B133: ='HOUSE DATA'!B106 -> -3.5067511 | C133: =$D$5 -> -0.3 | D133: =2*('HOUSE DATA'!D106*('HOUSE DASHBOARD'!$B$14-42.4)+'HOUSE DATA'!E106*('HOUSE DASHBOARD'!$B$15-54.2)+'HOUSE DATA'!F106*('HOUSE DASHBOARD'!$B$16-85.4)+'HOUSE DATA'!G106*('HOUSE DASHBOARD'!$B$17-60.7)+'HOUSE DATA'!H106*('HOUSE DASHBOARD'!$B$18-53.5))/100 -> 0 | E133: =2*('HOUSE DATA'!I106*('HOUSE DASHBOARD'!$B$21-55.6)+(100-'HOUSE DATA'!I106)*('HOUSE DASHBOARD'!$B$22-44.9))/100 -> 0 | F133: =0 -> 0 | G133: =(D133+E133)/2 -> 0 | H133: ='HOUSE DATA'!C106+C133+G133 -> -3.15 | I133: =IF(V133="D","D",IF(V133="R","R",IF(H133>=0,"D","R"))) -> R | J133: ='HOUSE DATA'!K106 -> R | K133: =IF(I133=J133,"—",J133&" → "&I133) -> — | L133: =IF(V133="D","D — BALLOT LOCK",IF(V133="R","R — BALLOT LOCK",IF(H133>=0,"D+"&TEXT(H133,"0.00"),"R+"&TEXT(-H133,"0.00")))) -> R+3.15 | M133: =COUNTIF($H$31:$H$465,">"&H133)+COUNTIF($H$31:H133,H133) -> 255 | N133: =IF(V133<>"",100,ABS(H133)) -> 3.15 | O133: =COUNTIF($N$31:$N$465,"<"&N133)+COUNTIF($N$31:N133,N133) -> 27 | P133: ='HOUSE DATA'!M106 -> -13.7 | Q133: ='HOUSE DATA'!N106 -> 2024 PRESIDENT (open seat) | R133: =H133-P133 -> 10.55 | S133: =B133-P133 -> 10.193249 | T133: =H133-B133 -> 0.35675107 | U133: Contested | W133: Both major parties or other ballot arrangement | X133: Standard model; verify if ballot changes
A134: ='HOUSE DATA'!A107 -> FL-17 | B134: ='HOUSE DATA'!B107 -> -11.97664 | C134: =$D$5 -> -0.3 | D134: =2*('HOUSE DATA'!D107*('HOUSE DASHBOARD'!$B$14-42.4)+'HOUSE DATA'!E107*('HOUSE DASHBOARD'!$B$15-54.2)+'HOUSE DATA'!F107*('HOUSE DASHBOARD'!$B$16-85.4)+'HOUSE DATA'!G107*('HOUSE DASHBOARD'!$B$17-60.7)+'HOUSE DATA'!H107*('HOUSE DASHBOARD'!$B$18-53.5))/100 -> 0 | E134: =2*('HOUSE DATA'!I107*('HOUSE DASHBOARD'!$B$21-55.6)+(100-'HOUSE DATA'!I107)*('HOUSE DASHBOARD'!$B$22-44.9))/100 -> 0 | F134: =0 -> 0 | G134: =(D134+E134)/2 -> 0 | H134: ='HOUSE DATA'!C107+C134+G134 -> -11.04 | I134: =IF(V134="D","D",IF(V134="R","R",IF(H134>=0,"D","R"))) -> R | J134: ='HOUSE DATA'!K107 -> R | K134: =IF(I134=J134,"—",J134&" → "&I134) -> — | L134: =IF(V134="D","D — BALLOT LOCK",IF(V134="R","R — BALLOT LOCK",IF(H134>=0,"D+"&TEXT(H134,"0.00"),"R+"&TEXT(-H134,"0.00")))) -> R+11.04 | M134: =COUNTIF($H$31:$H$465,">"&H134)+COUNTIF($H$31:H134,H134) -> 311 | N134: =IF(V134<>"",100,ABS(H134)) -> 11.04 | O134: =COUNTIF($N$31:$N$465,"<"&N134)+COUNTIF($N$31:N134,N134) -> 102 | P134: ='HOUSE DATA'!M107 -> -22 | Q134: ='HOUSE DATA'!N107 -> 2024 HOUSE / prior substitute | R134: =H134-P134 -> 10.96 | S134: =B134-P134 -> 10.02336 | T134: =H134-B134 -> 0.93664021 | U134: Contested | W134: Both major parties or other ballot arrangement | X134: Standard model; verify if ballot changes
A135: ='HOUSE DATA'!A108 -> FL-18 | B135: ='HOUSE DATA'!B108 -> -4.7274421 | C135: =$D$5 -> -0.3 | D135: =2*('HOUSE DATA'!D108*('HOUSE DASHBOARD'!$B$14-42.4)+'HOUSE DATA'!E108*('HOUSE DASHBOARD'!$B$15-54.2)+'HOUSE DATA'!F108*('HOUSE DASHBOARD'!$B$16-85.4)+'HOUSE DATA'!G108*('HOUSE DASHBOARD'!$B$17-60.7)+'HOUSE DATA'!H108*('HOUSE DASHBOARD'!$B$18-53.5))/100 -> 0 | E135: =2*('HOUSE DATA'!I108*('HOUSE DASHBOARD'!$B$21-55.6)+(100-'HOUSE DATA'!I108)*('HOUSE DASHBOARD'!$B$22-44.9))/100 -> 0 | F135: =0 -> 0 | G135: =(D135+E135)/2 -> 0 | H135: ='HOUSE DATA'!C108+C135+G135 -> -6.2117172 | I135: =IF(V135="D","D",IF(V135="R","R",IF(H135>=0,"D","R"))) -> R | J135: ='HOUSE DATA'!K108 -> R | K135: =IF(I135=J135,"—",J135&" → "&I135) -> — | L135: =IF(V135="D","D — BALLOT LOCK",IF(V135="R","R — BALLOT LOCK",IF(H135>=0,"D+"&TEXT(H135,"0.00"),"R+"&TEXT(-H135,"0.00")))) -> R+6.21 | M135: =COUNTIF($H$31:$H$465,">"&H135)+COUNTIF($H$31:H135,H135) -> 276 | N135: =IF(V135<>"",100,ABS(H135)) -> 6.2117172 | O135: =COUNTIF($N$31:$N$465,"<"&N135)+COUNTIF($N$31:N135,N135) -> 53 | P135: ='HOUSE DATA'!M108 -> -17.171717 | Q135: ='HOUSE DATA'!N108 -> 2024 HOUSE / prior substitute | R135: =H135-P135 -> 10.96 | S135: =B135-P135 -> 12.444275 | T135: =H135-B135 -> -1.4842751 | U135: Contested | W135: Both major parties or other ballot arrangement | X135: Standard model; verify if ballot changes
A136: ='HOUSE DATA'!A109 -> FL-19 | B136: ='HOUSE DATA'!B109 -> -20.375933 | C136: =$D$5 -> -0.3 | D136: =2*('HOUSE DATA'!D109*('HOUSE DASHBOARD'!$B$14-42.4)+'HOUSE DATA'!E109*('HOUSE DASHBOARD'!$B$15-54.2)+'HOUSE DATA'!F109*('HOUSE DASHBOARD'!$B$16-85.4)+'HOUSE DATA'!G109*('HOUSE DASHBOARD'!$B$17-60.7)+'HOUSE DATA'!H109*('HOUSE DASHBOARD'!$B$18-53.5))/100 -> 0 | E136: =2*('HOUSE DATA'!I109*('HOUSE DASHBOARD'!$B$21-55.6)+(100-'HOUSE DATA'!I109)*('HOUSE DASHBOARD'!$B$22-44.9))/100 -> 0 | F136: =0 -> 0 | G136: =(D136+E136)/2 -> 0 | H136: ='HOUSE DATA'!C109+C136+G136 -> -19.67 | I136: =IF(V136="D","D",IF(V136="R","R",IF(H136>=0,"D","R"))) -> R | J136: ='HOUSE DATA'!K109 -> R | K136: =IF(I136=J136,"—",J136&" → "&I136) -> — | L136: =IF(V136="D","D — BALLOT LOCK",IF(V136="R","R — BALLOT LOCK",IF(H136>=0,"D+"&TEXT(H136,"0.00"),"R+"&TEXT(-H136,"0.00")))) -> R+19.67 | M136: =COUNTIF($H$31:$H$465,">"&H136)+COUNTIF($H$31:H136,H136) -> 357 | N136: =IF(V136<>"",100,ABS(H136)) -> 19.67 | O136: =COUNTIF($N$31:$N$465,"<"&N136)+COUNTIF($N$31:N136,N136) -> 184 | P136: ='HOUSE DATA'!M109 -> -30.22 | Q136: ='HOUSE DATA'!N109 -> 2024 PRESIDENT (open seat) | R136: =H136-P136 -> 10.55 | S136: =B136-P136 -> 9.8440675 | T136: =H136-B136 -> 0.70593252 | U136: Contested | W136: Both major parties or other ballot arrangement | X136: Standard model; verify if ballot changes
A137: ='HOUSE DATA'!A110 -> FL-20 | B137: ='HOUSE DATA'!B110 -> 51.197205 | C137: =$D$5 -> -0.3 | D137: =2*('HOUSE DATA'!D110*('HOUSE DASHBOARD'!$B$14-42.4)+'HOUSE DATA'!E110*('HOUSE DASHBOARD'!$B$15-54.2)+'HOUSE DATA'!F110*('HOUSE DASHBOARD'!$B$16-85.4)+'HOUSE DATA'!G110*('HOUSE DASHBOARD'!$B$17-60.7)+'HOUSE DATA'!H110*('HOUSE DASHBOARD'!$B$18-53.5))/100 -> 0 | E137: =2*('HOUSE DATA'!I110*('HOUSE DASHBOARD'!$B$21-55.6)+(100-'HOUSE DATA'!I110)*('HOUSE DASHBOARD'!$B$22-44.9))/100 -> 0 | F137: =0 -> 0 | G137: =(D137+E137)/2 -> 0 | H137: ='HOUSE DATA'!C110+C137+G137 -> 47.71 | I137: =IF(V137="D","D",IF(V137="R","R",IF(H137>=0,"D","R"))) -> D | J137: ='HOUSE DATA'!K110 -> D | K137: =IF(I137=J137,"—",J137&" → "&I137) -> — | L137: =IF(V137="D","D — BALLOT LOCK",IF(V137="R","R — BALLOT LOCK",IF(H137>=0,"D+"&TEXT(H137,"0.00"),"R+"&TEXT(-H137,"0.00")))) -> D+47.71 | M137: =COUNTIF($H$31:$H$465,">"&H137)+COUNTIF($H$31:H137,H137) -> 65 | N137: =IF(V137<>"",100,ABS(H137)) -> 47.71 | O137: =COUNTIF($N$31:$N$465,"<"&N137)+COUNTIF($N$31:N137,N137) -> 360 | P137: ='HOUSE DATA'!M110 -> 37.16 | Q137: ='HOUSE DATA'!N110 -> 2024 PRESIDENT (open seat) | R137: =H137-P137 -> 10.55 | S137: =B137-P137 -> 14.037205 | T137: =H137-B137 -> -3.4872046 | U137: Contested | W137: Both major parties or other ballot arrangement | X137: Standard model; verify if ballot changes
A138: ='HOUSE DATA'!A111 -> FL-21 | B138: ='HOUSE DATA'!B111 -> -5.8366908 | C138: =$D$5 -> -0.3 | D138: =2*('HOUSE DATA'!D111*('HOUSE DASHBOARD'!$B$14-42.4)+'HOUSE DATA'!E111*('HOUSE DASHBOARD'!$B$15-54.2)+'HOUSE DATA'!F111*('HOUSE DASHBOARD'!$B$16-85.4)+'HOUSE DATA'!G111*('HOUSE DASHBOARD'!$B$17-60.7)+'HOUSE DATA'!H111*('HOUSE DASHBOARD'!$B$18-53.5))/100 -> 0 | E138: =2*('HOUSE DATA'!I111*('HOUSE DASHBOARD'!$B$21-55.6)+(100-'HOUSE DATA'!I111)*('HOUSE DASHBOARD'!$B$22-44.9))/100 -> 0 | F138: =0 -> 0 | G138: =(D138+E138)/2 -> 0 | H138: ='HOUSE DATA'!C111+C138+G138 -> -5.04 | I138: =IF(V138="D","D",IF(V138="R","R",IF(H138>=0,"D","R"))) -> R | J138: ='HOUSE DATA'!K111 -> R | K138: =IF(I138=J138,"—",J138&" → "&I138) -> — | L138: =IF(V138="D","D — BALLOT LOCK",IF(V138="R","R — BALLOT LOCK",IF(H138>=0,"D+"&TEXT(H138,"0.00"),"R+"&TEXT(-H138,"0.00")))) -> R+5.04 | M138: =COUNTIF($H$31:$H$465,">"&H138)+COUNTIF($H$31:H138,H138) -> 266 | N138: =IF(V138<>"",100,ABS(H138)) -> 5.04 | O138: =COUNTIF($N$31:$N$465,"<"&N138)+COUNTIF($N$31:N138,N138) -> 40 | P138: ='HOUSE DATA'!M111 -> -16 | Q138: ='HOUSE DATA'!N111 -> 2024 HOUSE / prior substitute | R138: =H138-P138 -> 10.96 | S138: =B138-P138 -> 10.163309 | T138: =H138-B138 -> 0.79669084 | U138: Contested | W138: Both major parties or other ballot arrangement | X138: Standard model; verify if ballot changes
A139: ='HOUSE DATA'!A112 -> FL-22 | B139: ='HOUSE DATA'!B112 -> 0.0882041 | C139: =$D$5 -> -0.3 | D139: =2*('HOUSE DATA'!D112*('HOUSE DASHBOARD'!$B$14-42.4)+'HOUSE DATA'!E112*('HOUSE DASHBOARD'!$B$15-54.2)+'HOUSE DATA'!F112*('HOUSE DASHBOARD'!$B$16-85.4)+'HOUSE DATA'!G112*('HOUSE DASHBOARD'!$B$17-60.7)+'HOUSE DATA'!H112*('HOUSE DASHBOARD'!$B$18-53.5))/100 -> 0 | E139: =2*('HOUSE DATA'!I112*('HOUSE DASHBOARD'!$B$21-55.6)+(100-'HOUSE DATA'!I112)*('HOUSE DASHBOARD'!$B$22-44.9))/100 -> 0 | F139: =0 -> 0 | G139: =(D139+E139)/2 -> 0 | H139: ='HOUSE DATA'!C112+C139+G139 -> -0.15111111 | I139: =IF(V139="D","D",IF(V139="R","R",IF(H139>=0,"D","R"))) -> R | J139: ='HOUSE DATA'!K112 -> D | K139: =IF(I139=J139,"—",J139&" → "&I139) -> D → R | L139: =IF(V139="D","D — BALLOT LOCK",IF(V139="R","R — BALLOT LOCK",IF(H139>=0,"D+"&TEXT(H139,"0.00"),"R+"&TEXT(-H139,"0.00")))) -> R+0.15 | M139: =COUNTIF($H$31:$H$465,">"&H139)+COUNTIF($H$31:H139,H139) -> 239 | N139: =IF(V139<>"",100,ABS(H139)) -> 0.15111111 | O139: =COUNTIF($N$31:$N$465,"<"&N139)+COUNTIF($N$31:N139,N139) -> 4 | P139: ='HOUSE DATA'!M112 -> -11.111111 | Q139: ='HOUSE DATA'!N112 -> 2024 HOUSE / prior substitute | R139: =H139-P139 -> 10.96 | S139: =B139-P139 -> 11.199315 | T139: =H139-B139 -> -0.23931521 | U139: Contested | W139: Both major parties or other ballot arrangement | X139: Standard model; verify if ballot changes
...

Sheet SENATE DASHBOARD
A1: 2026 ELECTION SIMULATOR / SENATE | 100 SEATS
A2: Linked to House inputs • live seat count and state results below.
A4: NATIONAL ENVIRONMENT | G4: LIVE SEAT COUNT
A5: National generic ballot · D−R | B5: ='HOUSE DASHBOARD'!B5 -> 8.4 | C5: 8.7 | D5: ='HOUSE DASHBOARD'!D5 -> -0.3 | E5: Senate baselines vary by state | G5: Democratic seats | I5: Republican seats
A6: Demographic scenario | B6: All edited groups | E6: Active demographics: RACE + EDUCATION only | G6: =34+COUNTIF(I32:I66,"D") -> 52 | I6: =31+COUNTIF(I32:I66,"R") -> 48
A7: Additional swing (pp) | B7: ='HOUSE DASHBOARD'!B7 -> 0 | E7: 0 = no extra adjustment
A8: Simulated national margin | B8: ='HOUSE DASHBOARD'!B8 -> 8.4 | E8: Implied national vote margin reflects scenario settings.
A9: Scenario | B9: ='HOUSE DASHBOARD'!B9 -> Custom | C9: Preset (generic ballot mode only) | G9: D seat change | H9: =G6-47 -> 5 | I9: R seat change | J9: =-H9 -> -5
A10: Starting baseline | B10: ='HOUSE DASHBOARD'!B10 -> Uniform swing | C10: Each contest has its own 2026 forecast baseline | E10: Uniform swing = pre-demographic forecast (DATA col C); Original forecast = legacy modeled forecast (DATA col B). Neither is raw 2024 result. | G10: 100 Senate seats: 35 contested + 65 not up (34 D / 31 R).
A11: National calculation | B11: ='HOUSE DASHBOARD'!B11 -> Generic ballot | C11: -1.48 | D11: 2024 presidential baseline (D−R pp) | E11: Mode: Generic ballot combines the ballot swing with vote-share changes; Demographic-driven uses vote-share changes alone.
A13: RACE / ETHNICITY | B13: EDIT D % | C13: 2024 National Baseline (R+1.5) | D13: 2020 National Baseline (D+ 4.5) | E13: 2018 National House (D+8.4) | F13: Applied D% | G13: Category switch | I13: 2018 US D% (D+8.4) | J13: Race | K13: 2024 reference % | L13: 2026 entered % | M13: Applied % | N13: Change pp
A14: White (non-Hispanic) | B14: ='HOUSE DASHBOARD'!B14 -> 42.4 | C14: 42.4 | D14: 42 | E14: 45 | F14: ='HOUSE DASHBOARD'!F14 -> 42.4 | G14: Race | H14: ='HOUSE DASHBOARD'!H14 -> 0 | I14: ='HOUSE DASHBOARD'!I14 -> 44 | J14: White non-Hispanic | K14: ='HOUSE DASHBOARD'!K14 -> 75 | L14: ='HOUSE DASHBOARD'!L14 -> 75 | M14: ='HOUSE DASHBOARD'!M14 -> 75 | N14: =M14-K14 -> 0 | O14: Race reset
A15: Hispanic / Latino | B15: ='HOUSE DASHBOARD'!B15 -> 54.2 | C15: 54.2 | D15: 63 | E15: 67 | F15: ='HOUSE DASHBOARD'!F15 -> 54.2 | G15: 2024 baseline = ignore edits | I15: ='HOUSE DASHBOARD'!I15 -> 69 | J15: Hispanic / Latino | K15: ='HOUSE DASHBOARD'!K15 -> 10 | L15: ='HOUSE DASHBOARD'!L15 -> 10 | M15: ='HOUSE DASHBOARD'!M15 -> 10 | N15: =M15-K15 -> 0
A16: Black | B16: ='HOUSE DASHBOARD'!B16 -> 85.4 | C16: 85.4 | D16: 90 | E16: 91 | F16: ='HOUSE DASHBOARD'!F16 -> 85.4 | I16: ='HOUSE DASHBOARD'!I16 -> 90 | J16: Black | K16: ='HOUSE DASHBOARD'!K16 -> 10 | L16: ='HOUSE DASHBOARD'!L16 -> 10 | M16: ='HOUSE DASHBOARD'!M16 -> 10 | N16: =M16-K16 -> 0
A17: Asian | B17: ='HOUSE DASHBOARD'!B17 -> 60.7 | C17: 60.7 | D17: 64 | E17: 62 | F17: ='HOUSE DASHBOARD'!F17 -> 60.7 | I17: ='HOUSE DASHBOARD'!I17 -> 77 | J17: Asian | K17: ='HOUSE DASHBOARD'!K17 -> 2.3011941 | L17: ='HOUSE DASHBOARD'!L17 -> 2.3011941 | M17: ='HOUSE DASHBOARD'!M17 -> 2.3011941 | N17: =M17-K17 -> 0
A18: Other / unclassified | B18: ='HOUSE DASHBOARD'!B18 -> 53.5 | C18: 53.5 | F18: ='HOUSE DASHBOARD'!F18 -> 53.5 | J18: Other / unclassified | K18: ='HOUSE DASHBOARD'!K18 -> 2.6988059 | L18: ='HOUSE DASHBOARD'!L18 -> 2.6988059 | M18: ='HOUSE DASHBOARD'!M18 -> 2.6988059 | N18: =M18-K18 -> 0
A20: EDUCATION GROUP | B20: EDIT D % | C20: 2024 National Baseline (R+1.5) | D20: 2020 National Baseline (D+ 4.5) | E20: 2018 National House (D+8.4) | F20: Applied D% | J20: Education | K20: 2024 electorate % | L20: 2026 entered % | M20: Applied % | N20: Change pp
A21: College degree (BA+) | B21: ='HOUSE DASHBOARD'!B21 -> 55.6 | C21: 55.6 | D21: 56 | E21: 57 | F21: ='HOUSE DASHBOARD'!F21 -> 55.6 | G21: Education | H21: ='HOUSE DASHBOARD'!H21 -> 0 | J21: College degree (BA+) | K21: ='HOUSE DASHBOARD'!K21 -> 42 | L21: ='HOUSE DASHBOARD'!L21 -> 42 | M21: ='HOUSE DASHBOARD'!M21 -> 42 | N21: =M21-K21 -> 0 | O21: Education reset
A22: Without BA degree | B22: ='HOUSE DASHBOARD'!B22 -> 44.9 | C22: 44.9 | D22: 49 | E22: 52 | F22: ='HOUSE DASHBOARD'!F22 -> 44.9 | J22: No BA degree | K22: ='HOUSE DASHBOARD'!K22 -> 58 | L22: ='HOUSE DASHBOARD'!L22 -> 58 | M22: ='HOUSE DASHBOARD'!M22 -> 58 | N22: =M22-K22 -> 0
J23: 2024 education: 42% BA+ / 58% no BA (provided exit-poll screenshot).
J24: 2024 race/income composition from exit poll; Asian/Other split is estimated.
J25: Income composition is editable in House Dashboard S18:S20.
G26: Catalist 2024 voter analysis | H26: https://catalist.us/whathappened2024/ | J26: Race entries normalize to 100%; education and income complements auto-fill.
G27: 2025 Virginia exit poll | H27: https://en.wikipedia.org/wiki/2025_Virginia_gubernatorial_election#Exit_poll | J27: National and district effects centered; race/education/income weighted 1/3 each.
J28: Exploratory sensitivity model, not a validated electorate or seat forecast.
A29: State results
A30: Tipping-point race (D seat #51) | B30: =LARGE(H32:H66,17) -> 2.7917647 | D30: Tipping contest | E30: =INDEX(A32:A66,MATCH(17,M32:M66,0)) -> Maine | G30: D seats needed | H30: =MAX(0,51-G6) -> 0 | I30: R seats needed | J30: =MAX(0,51-I6) -> 3
A31: District / state | B31: Original D−R | C31: National Δ | D31: Race Δ | E31: Education Δ | F31: Income (excluded) | G31: Race + Education Δ | H31: SCENARIO D−R | I31: Party | J31: Baseline holder / reference | K31: Flip vs reference | L31: Display margin | M31: D margin rank | N31: Absolute margin | O31: Closeness rank | P31: Source baseline D−R | Q31: Source election / proxy | R31: Scenario − historical | S31: Legacy forecast − baseline | T31: Scenario − legacy forecast
A32: ='SENATE DATA'!A4 -> Alabama | B32: ='SENATE DATA'!B4 -> -20.096479 | C32: =$D$5 -> -0.3 | D32: =2*('SENATE DATA'!D4*('HOUSE DASHBOARD'!$B$14-42.4)+'SENATE DATA'!E4*('HOUSE DASHBOARD'!$B$15-54.2)+'SENATE DATA'!F4*('HOUSE DASHBOARD'!$B$16-85.4)+'SENATE DATA'!G4*('HOUSE DASHBOARD'!$B$17-60.7)+'SENATE DATA'!H4*('HOUSE DASHBOARD'!$B$18-53.5))/100 -> 0 | E32: =2*('SENATE DATA'!I4*('HOUSE DASHBOARD'!$B$21-55.6)+(100-'SENATE DATA'!I4)*('HOUSE DASHBOARD'!$B$22-44.9))/100 -> 0 | F32: =0 -> 0 | G32: =(D32+E32)/2 -> 0 | H32: ='SENATE DATA'!C4+C32+G32 -> -20.6 | I32: =IF(H32>=0,"D","R") -> R | J32: ='SENATE DATA'!K4 -> R | K32: =IF(I32=J32,"—",J32&" → "&I32) -> — | L32: =IF(H32>=0,"D+"&TEXT(H32,"0.00"),"R+"&TEXT(-H32,"0.00")) -> R+20.60 | M32: =COUNTIF($H$32:$H$66,">"&H32)+COUNTIF($H$32:H32,H32) -> 29 | N32: =ABS(H32) -> 20.6 | O32: =COUNTIF($N$32:$N$66,"<"&N32)+COUNTIF($N$32:N32,N32) -> 25 | P32: ='SENATE DATA'!M4 -> -30.47 | Q32: ='SENATE DATA'!N4 -> 2024 PRESIDENTIAL | R32: =H32-P32 -> 9.87 | S32: =B32-P32 -> 10.373521 | T32: =H32-B32 -> -0.50352115
A33: ='SENATE DATA'!A5 -> Alaska | B33: ='SENATE DATA'!B5 -> -0.37847584 | C33: =$D$5 -> -0.3 | D33: =2*('SENATE DATA'!D5*('HOUSE DASHBOARD'!$B$14-42.4)+'SENATE DATA'!E5*('HOUSE DASHBOARD'!$B$15-54.2)+'SENATE DATA'!F5*('HOUSE DASHBOARD'!$B$16-85.4)+'SENATE DATA'!G5*('HOUSE DASHBOARD'!$B$17-60.7)+'SENATE DATA'!H5*('HOUSE DASHBOARD'!$B$18-53.5))/100 -> 0 | E33: =2*('SENATE DATA'!I5*('HOUSE DASHBOARD'!$B$21-55.6)+(100-'SENATE DATA'!I5)*('HOUSE DASHBOARD'!$B$22-44.9))/100 -> 0 | F33: =0 -> 0 | G33: =(D33+E33)/2 -> 0 | H33: ='SENATE DATA'!C5+C33+G33 -> 1 | I33: =IF(H33>=0,"D","R") -> D | J33: ='SENATE DATA'!K5 -> R | K33: =IF(I33=J33,"—",J33&" → "&I33) -> R → D | L33: =IF(H33>=0,"D+"&TEXT(H33,"0.00"),"R+"&TEXT(-H33,"0.00")) -> D+1.00 | M33: =COUNTIF($H$32:$H$66,">"&H33)+COUNTIF($H$32:H33,H33) -> 18 | N33: =ABS(H33) -> 1 | O33: =COUNTIF($N$32:$N$66,"<"&N33)+COUNTIF($N$32:N33,N33) -> 1 | P33: ='SENATE DATA'!M5 -> 1.3 | Q33: ='SENATE DATA'!N5 -> 2020 PRES + 2024 HOUSE (50/50) | R33: =H33-P33 -> -0.3 | S33: =B33-P33 -> -1.6784758 | T33: =H33-B33 -> 1.3784758
A34: ='SENATE DATA'!A6 -> Arkansas | B34: ='SENATE DATA'!B6 -> -20.222228 | C34: =$D$5 -> -0.3 | D34: =2*('SENATE DATA'!D6*('HOUSE DASHBOARD'!$B$14-42.4)+'SENATE DATA'!E6*('HOUSE DASHBOARD'!$B$15-54.2)+'SENATE DATA'!F6*('HOUSE DASHBOARD'!$B$16-85.4)+'SENATE DATA'!G6*('HOUSE DASHBOARD'!$B$17-60.7)+'SENATE DATA'!H6*('HOUSE DASHBOARD'!$B$18-53.5))/100 -> 0 | E34: =2*('SENATE DATA'!I6*('HOUSE DASHBOARD'!$B$21-55.6)+(100-'SENATE DATA'!I6)*('HOUSE DASHBOARD'!$B$22-44.9))/100 -> 0 | F34: =0 -> 0 | G34: =(D34+E34)/2 -> 0 | H34: ='SENATE DATA'!C6+C34+G34 -> -20.77 | I34: =IF(H34>=0,"D","R") -> R | J34: ='SENATE DATA'!K6 -> R | K34: =IF(I34=J34,"—",J34&" → "&I34) -> — | L34: =IF(H34>=0,"D+"&TEXT(H34,"0.00"),"R+"&TEXT(-H34,"0.00")) -> R+20.77 | M34: =COUNTIF($H$32:$H$66,">"&H34)+COUNTIF($H$32:H34,H34) -> 31 | N34: =ABS(H34) -> 20.77 | O34: =COUNTIF($N$32:$N$66,"<"&N34)+COUNTIF($N$32:N34,N34) -> 27 | P34: ='SENATE DATA'!M6 -> -30.64 | Q34: ='SENATE DATA'!N6 -> 2024 PRESIDENTIAL | R34: =H34-P34 -> 9.87 | S34: =B34-P34 -> 10.417772 | T34: =H34-B34 -> -0.54777166
A35: ='SENATE DATA'!A7 -> Colorado | B35: ='SENATE DATA'!B7 -> 11.952218 | C35: =$D$5 -> -0.3 | D35: =2*('SENATE DATA'!D7*('HOUSE DASHBOARD'!$B$14-42.4)+'SENATE DATA'!E7*('HOUSE DASHBOARD'!$B$15-54.2)+'SENATE DATA'!F7*('HOUSE DASHBOARD'!$B$16-85.4)+'SENATE DATA'!G7*('HOUSE DASHBOARD'!$B$17-60.7)+'SENATE DATA'!H7*('HOUSE DASHBOARD'!$B$18-53.5))/100 -> 0 | E35: =2*('SENATE DATA'!I7*('HOUSE DASHBOARD'!$B$21-55.6)+(100-'SENATE DATA'!I7)*('HOUSE DASHBOARD'!$B$22-44.9))/100 -> 0 | F35: =0 -> 0 | G35: =(D35+E35)/2 -> 0 | H35: ='SENATE DATA'!C7+C35+G35 -> 13.25 | I35: =IF(H35>=0,"D","R") -> D | J35: ='SENATE DATA'!K7 -> D | K35: =IF(I35=J35,"—",J35&" → "&I35) -> — | L35: =IF(H35>=0,"D+"&TEXT(H35,"0.00"),"R+"&TEXT(-H35,"0.00")) -> D+13.25 | M35: =COUNTIF($H$32:$H$66,">"&H35)+COUNTIF($H$32:H35,H35) -> 9 | N35: =ABS(H35) -> 13.25 | O35: =COUNTIF($N$32:$N$66,"<"&N35)+COUNTIF($N$32:N35,N35) -> 19 | P35: ='SENATE DATA'!M7 -> 9.3 | Q35: ='SENATE DATA'!N7 -> 2020 SENATE | R35: =H35-P35 -> 3.95 | S35: =B35-P35 -> 2.6522175 | T35: =H35-B35 -> 1.2977825
A36: ='SENATE DATA'!A8 -> Delaware | B36: ='SENATE DATA'!B8 -> 24.645629 | C36: =$D$5 -> -0.3 | D36: =2*('SENATE DATA'!D8*('HOUSE DASHBOARD'!$B$14-42.4)+'SENATE DATA'!E8*('HOUSE DASHBOARD'!$B$15-54.2)+'SENATE DATA'!F8*('HOUSE DASHBOARD'!$B$16-85.4)+'SENATE DATA'!G8*('HOUSE DASHBOARD'!$B$17-60.7)+'SENATE DATA'!H8*('HOUSE DASHBOARD'!$B$18-53.5))/100 -> 0 | E36: =2*('SENATE DATA'!I8*('HOUSE DASHBOARD'!$B$21-55.6)+(100-'SENATE DATA'!I8)*('HOUSE DASHBOARD'!$B$22-44.9))/100 -> 0 | F36: =0 -> 0 | G36: =(D36+E36)/2 -> 0 | H36: ='SENATE DATA'!C8+C36+G36 -> 25.45 | I36: =IF(H36>=0,"D","R") -> D | J36: ='SENATE DATA'!K8 -> D | K36: =IF(I36=J36,"—",J36&" → "&I36) -> — | L36: =IF(H36>=0,"D+"&TEXT(H36,"0.00"),"R+"&TEXT(-H36,"0.00")) -> D+25.45 | M36: =COUNTIF($H$32:$H$66,">"&H36)+COUNTIF($H$32:H36,H36) -> 3 | N36: =ABS(H36) -> 25.45 | O36: =COUNTIF($N$32:$N$66,"<"&N36)+COUNTIF($N$32:N36,N36) -> 31 | P36: ='SENATE DATA'!M8 -> 21.5 | Q36: ='SENATE DATA'!N8 -> 2020 SENATE | R36: =H36-P36 -> 3.95 | S36: =B36-P36 -> 3.1456286 | T36: =H36-B36 -> 0.80437142
A37: ='SENATE DATA'!A9 -> Florida | B37: ='SENATE DATA'!B9 -> -2.0662831 | C37: =$D$5 -> -0.3 | D37: =2*('SENATE DATA'!D9*('HOUSE DASHBOARD'!$B$14-42.4)+'SENATE DATA'!E9*('HOUSE DASHBOARD'!$B$15-54.2)+'SENATE DATA'!F9*('HOUSE DASHBOARD'!$B$16-85.4)+'SENATE DATA'!G9*('HOUSE DASHBOARD'!$B$17-60.7)+'SENATE DATA'!H9*('HOUSE DASHBOARD'!$B$18-53.5))/100 -> 0 | E37: =2*('SENATE DATA'!I9*('HOUSE DASHBOARD'!$B$21-55.6)+(100-'SENATE DATA'!I9)*('HOUSE DASHBOARD'!$B$22-44.9))/100 -> 0 | F37: =0 -> 0 | G37: =(D37+E37)/2 -> 0 | H37: ='SENATE DATA'!C9+C37+G37 -> -3.23 | I37: =IF(H37>=0,"D","R") -> R | J37: ='SENATE DATA'!K9 -> R | K37: =IF(I37=J37,"—",J37&" → "&I37) -> — | L37: =IF(H37>=0,"D+"&TEXT(H37,"0.00"),"R+"&TEXT(-H37,"0.00")) -> R+3.23 | M37: =COUNTIF($H$32:$H$66,">"&H37)+COUNTIF($H$32:H37,H37) -> 19 | N37: =ABS(H37) -> 3.23 | O37: =COUNTIF($N$32:$N$66,"<"&N37)+COUNTIF($N$32:N37,N37) -> 4 | P37: ='SENATE DATA'!M9 -> -13.1 | Q37: ='SENATE DATA'!N9 -> 2024 PRESIDENTIAL | R37: =H37-P37 -> 9.87 | S37: =B37-P37 -> 11.033717 | T37: =H37-B37 -> -1.1637169
A38: ='SENATE DATA'!A10 -> Georgia | B38: ='SENATE DATA'!B10 -> 5.5586341 | C38: =$D$5 -> -0.3 | D38: =2*('SENATE DATA'!D10*('HOUSE DASHBOARD'!$B$14-42.4)+'SENATE DATA'!E10*('HOUSE DASHBOARD'!$B$15-54.2)+'SENATE DATA'!F10*('HOUSE DASHBOARD'!$B$16-85.4)+'SENATE DATA'!G10*('HOUSE DASHBOARD'!$B$17-60.7)+'SENATE DATA'!H10*('HOUSE DASHBOARD'!$B$18-53.5))/100 -> 0 | E38: =2*('SENATE DATA'!I10*('HOUSE DASHBOARD'!$B$21-55.6)+(100-'SENATE DATA'!I10)*('HOUSE DASHBOARD'!$B$22-44.9))/100 -> 0 | F38: =0 -> 0 | G38: =(D38+E38)/2 -> 0 | H38: ='SENATE DATA'!C10+C38+G38 -> 5.1751 | I38: =IF(H38>=0,"D","R") -> D | J38: ='SENATE DATA'!K10 -> D | K38: =IF(I38=J38,"—",J38&" → "&I38) -> — | L38: =IF(H38>=0,"D+"&TEXT(H38,"0.00"),"R+"&TEXT(-H38,"0.00")) -> D+5.18 | M38: =COUNTIF($H$32:$H$66,">"&H38)+COUNTIF($H$32:H38,H38) -> 15 | N38: =ABS(H38) -> 5.1751 | O38: =COUNTIF($N$32:$N$66,"<"&N38)+COUNTIF($N$32:N38,N38) -> 7 | P38: ='SENATE DATA'!M10 -> 1.2251 | Q38: ='SENATE DATA'!N10 -> 2021 SENATE RUNOFF | R38: =H38-P38 -> 3.95 | S38: =B38-P38 -> 4.3335341 | T38: =H38-B38 -> -0.38353409
A39: ='SENATE DATA'!A11 -> Idaho | B39: ='SENATE DATA'!B11 -> -25.15 | C39: =$D$5 -> -0.3 | D39: =2*('SENATE DATA'!D11*('HOUSE DASHBOARD'!$B$14-42.4)+'SENATE DATA'!E11*('HOUSE DASHBOARD'!$B$15-54.2)+'SENATE DATA'!F11*('HOUSE DASHBOARD'!$B$16-85.4)+'SENATE DATA'!G11*('HOUSE DASHBOARD'!$B$17-60.7)+'SENATE DATA'!H11*('HOUSE DASHBOARD'!$B$18-53.5))/100 -> 0 | E39: =2*('SENATE DATA'!I11*('HOUSE DASHBOARD'!$B$21-55.6)+(100-'SENATE DATA'!I11)*('HOUSE DASHBOARD'!$B$22-44.9))/100 -> 0 | F39: =0 -> 0 | G39: =(D39+E39)/2 -> 0 | H39: ='SENATE DATA'!C11+C39+G39+'SENATE DATA'!$P$3 -> -11.55 | I39: =IF(H39>=0,"D","R") -> R | J39: ='SENATE DATA'!K11 -> R | K39: =IF(I39=J39,"—",J39&" → "&I39) -> — | L39: =IF(H39>=0,"D+"&TEXT(H39,"0.00"),"R+"&TEXT(-H39,"0.00")) -> R+11.55 | M39: =COUNTIF($H$32:$H$66,">"&H39)+COUNTIF($H$32:H39,H39) -> 26 | N39: =ABS(H39) -> 11.55 | O39: =COUNTIF($N$32:$N$66,"<"&N39)+COUNTIF($N$32:N39,N39) -> 16 | P39: ='SENATE DATA'!M11 -> -29.4 | Q39: ='SENATE DATA'!N11 -> 2020 SENATE | R39: =H39-P39 -> 17.85 | S39: =B39-P39 -> 4.25 | T39: =H39-B39 -> 13.6
A40: ='SENATE DATA'!A12 -> Illinois | B40: ='SENATE DATA'!B12 -> 20.786307 | C40: =$D$5 -> -0.3 | D40: =2*('SENATE DATA'!D12*('HOUSE DASHBOARD'!$B$14-42.4)+'SENATE DATA'!E12*('HOUSE DASHBOARD'!$B$15-54.2)+'SENATE DATA'!F12*('HOUSE DASHBOARD'!$B$16-85.4)+'SENATE DATA'!G12*('HOUSE DASHBOARD'!$B$17-60.7)+'SENATE DATA'!H12*('HOUSE DASHBOARD'!$B$18-53.5))/100 -> 0 | E40: =2*('SENATE DATA'!I12*('HOUSE DASHBOARD'!$B$21-55.6)+(100-'SENATE DATA'!I12)*('HOUSE DASHBOARD'!$B$22-44.9))/100 -> 0 | F40: =0 -> 0 | G40: =(D40+E40)/2 -> 0 | H40: ='SENATE DATA'!C12+C40+G40 -> 20.77 | I40: =IF(H40>=0,"D","R") -> D | J40: ='SENATE DATA'!K12 -> D | K40: =IF(I40=J40,"—",J40&" → "&I40) -> — | L40: =IF(H40>=0,"D+"&TEXT(H40,"0.00"),"R+"&TEXT(-H40,"0.00")) -> D+20.77 | M40: =COUNTIF($H$32:$H$66,">"&H40)+COUNTIF($H$32:H40,H40) -> 4 | N40: =ABS(H40) -> 20.77 | O40: =COUNTIF($N$32:$N$66,"<"&N40)+COUNTIF($N$32:N40,N40) -> 28 | P40: ='SENATE DATA'!M12 -> 10.9 | Q40: ='SENATE DATA'!N12 -> 2024 PRESIDENTIAL | R40: =H40-P40 -> 9.87 | S40: =B40-P40 -> 9.8863068 | T40: =H40-B40 -> -0.016306849
A41: ='SENATE DATA'!A13 -> Iowa | B41: ='SENATE DATA'!B13 -> -4.2738161 | C41: =$D$5 -> -0.3 | D41: =2*('SENATE DATA'!D13*('HOUSE DASHBOARD'!$B$14-42.4)+'SENATE DATA'!E13*('HOUSE DASHBOARD'!$B$15-54.2)+'SENATE DATA'!F13*('HOUSE DASHBOARD'!$B$16-85.4)+'SENATE DATA'!G13*('HOUSE DASHBOARD'!$B$17-60.7)+'SENATE DATA'!H13*('HOUSE DASHBOARD'!$B$18-53.5))/100 -> 0 | E41: =2*('SENATE DATA'!I13*('HOUSE DASHBOARD'!$B$21-55.6)+(100-'SENATE DATA'!I13)*('HOUSE DASHBOARD'!$B$22-44.9))/100 -> 0 | F41: =0 -> 0 | G41: =(D41+E41)/2 -> 0 | H41: ='SENATE DATA'!C13+C41+G41 -> -3.34 | I41: =IF(H41>=0,"D","R") -> R | J41: ='SENATE DATA'!K13 -> R | K41: =IF(I41=J41,"—",J41&" → "&I41) -> — | L41: =IF(H41>=0,"D+"&TEXT(H41,"0.00"),"R+"&TEXT(-H41,"0.00")) -> R+3.34 | M41: =COUNTIF($H$32:$H$66,">"&H41)+COUNTIF($H$32:H41,H41) -> 20 | N41: =ABS(H41) -> 3.34 | O41: =COUNTIF($N$32:$N$66,"<"&N41)+COUNTIF($N$32:N41,N41) -> 5 | P41: ='SENATE DATA'!M13 -> -13.21 | Q41: ='SENATE DATA'!N13 -> 2024 PRESIDENTIAL | R41: =H41-P41 -> 9.87 | S41: =B41-P41 -> 8.9361839 | T41: =H41-B41 -> 0.93381613
A42: ='SENATE DATA'!A14 -> Kansas | B42: ='SENATE DATA'!B14 -> -7.9011664 | C42: =$D$5 -> -0.3 | D42: =2*('SENATE DATA'!D14*('HOUSE DASHBOARD'!$B$14-42.4)+'SENATE DATA'!E14*('HOUSE DASHBOARD'!$B$15-54.2)+'SENATE DATA'!F14*('HOUSE DASHBOARD'!$B$16-85.4)+'SENATE DATA'!G14*('HOUSE DASHBOARD'!$B$17-60.7)+'SENATE DATA'!H14*('HOUSE DASHBOARD'!$B$18-53.5))/100 -> 0 | E42: =2*('SENATE DATA'!I14*('HOUSE DASHBOARD'!$B$21-55.6)+(100-'SENATE DATA'!I14)*('HOUSE DASHBOARD'!$B$22-44.9))/100 -> 0 | F42: =0 -> 0 | G42: =(D42+E42)/2 -> 0 | H42: ='SENATE DATA'!C14+C42+G42 -> -7.45 | I42: =IF(H42>=0,"D","R") -> R | J42: ='SENATE DATA'!K14 -> R | K42: =IF(I42=J42,"—",J42&" → "&I42) -> — | L42: =IF(H42>=0,"D+"&TEXT(H42,"0.00"),"R+"&TEXT(-H42,"0.00")) -> R+7.45 | M42: =COUNTIF($H$32:$H$66,">"&H42)+COUNTIF($H$32:H42,H42) -> 23 | N42: =ABS(H42) -> 7.45 | O42: =COUNTIF($N$32:$N$66,"<"&N42)+COUNTIF($N$32:N42,N42) -> 11 | P42: ='SENATE DATA'!M14 -> -11.4 | Q42: ='SENATE DATA'!N14 -> 2020 SENATE | R42: =H42-P42 -> 3.95 | S42: =B42-P42 -> 3.4988336 | T42: =H42-B42 -> 0.45116635
A43: ='SENATE DATA'!A15 -> Kentucky | B43: ='SENATE DATA'!B15 -> -20.951572 | C43: =$D$5 -> -0.3 | D43: =2*('SENATE DATA'!D15*('HOUSE DASHBOARD'!$B$14-42.4)+'SENATE DATA'!E15*('HOUSE DASHBOARD'!$B$15-54.2)+'SENATE DATA'!F15*('HOUSE DASHBOARD'!$B$16-85.4)+'SENATE DATA'!G15*('HOUSE DASHBOARD'!$B$17-60.7)+'SENATE DATA'!H15*('HOUSE DASHBOARD'!$B$18-53.5))/100 -> 0 | E43: =2*('SENATE DATA'!I15*('HOUSE DASHBOARD'!$B$21-55.6)+(100-'SENATE DATA'!I15)*('HOUSE DASHBOARD'!$B$22-44.9))/100 -> 0 | F43: =0 -> 0 | G43: =(D43+E43)/2 -> 0 | H43: ='SENATE DATA'!C15+C43+G43 -> -20.66 | I43: =IF(H43>=0,"D","R") -> R | J43: ='SENATE DATA'!K15 -> R | K43: =IF(I43=J43,"—",J43&" → "&I43) -> — | L43: =IF(H43>=0,"D+"&TEXT(H43,"0.00"),"R+"&TEXT(-H43,"0.00")) -> R+20.66 | M43: =COUNTIF($H$32:$H$66,">"&H43)+COUNTIF($H$32:H43,H43) -> 30 | N43: =ABS(H43) -> 20.66 | O43: =COUNTIF($N$32:$N$66,"<"&N43)+COUNTIF($N$32:N43,N43) -> 26 | P43: ='SENATE DATA'!M15 -> -30.53 | Q43: ='SENATE DATA'!N15 -> 2024 PRESIDENTIAL | R43: =H43-P43 -> 9.87 | S43: =B43-P43 -> 9.5784283 | T43: =H43-B43 -> 0.29157168
A44: ='SENATE DATA'!A16 -> Louisiana | B44: ='SENATE DATA'!B16 -> -11.042814 | C44: =$D$5 -> -0.3 | D44: =2*('SENATE DATA'!D16*('HOUSE DASHBOARD'!$B$14-42.4)+'SENATE DATA'!E16*('HOUSE DASHBOARD'!$B$15-54.2)+'SENATE DATA'!F16*('HOUSE DASHBOARD'!$B$16-85.4)+'SENATE DATA'!G16*('HOUSE DASHBOARD'!$B$17-60.7)+'SENATE DATA'!H16*('HOUSE DASHBOARD'!$B$18-53.5))/100 -> 0 | E44: =2*('SENATE DATA'!I16*('HOUSE DASHBOARD'!$B$21-55.6)+(100-'SENATE DATA'!I16)*('HOUSE DASHBOARD'!$B$22-44.9))/100 -> 0 | F44: =0 -> 0 | G44: =(D44+E44)/2 -> 0 | H44: ='SENATE DATA'!C16+C44+G44 -> -12.14 | I44: =IF(H44>=0,"D","R") -> R | J44: ='SENATE DATA'!K16 -> R | K44: =IF(I44=J44,"—",J44&" → "&I44) -> — | L44: =IF(H44>=0,"D+"&TEXT(H44,"0.00"),"R+"&TEXT(-H44,"0.00")) -> R+12.14 | M44: =COUNTIF($H$32:$H$66,">"&H44)+COUNTIF($H$32:H44,H44) -> 27 | N44: =ABS(H44) -> 12.14 | O44: =COUNTIF($N$32:$N$66,"<"&N44)+COUNTIF($N$32:N44,N44) -> 17 | P44: ='SENATE DATA'!M16 -> -22.01 | Q44: ='SENATE DATA'!N16 -> 2024 PRESIDENTIAL | R44: =H44-P44 -> 9.87 | S44: =B44-P44 -> 10.967186 | T44: =H44-B44 -> -1.0971855
A45: ='SENATE DATA'!A17 -> Maine | B45: ='SENATE DATA'!B17 -> 1.3743931 | C45: =$D$5 -> -0.3 | D45: =2*('SENATE DATA'!D17*('HOUSE DASHBOARD'!$B$14-42.4)+'SENATE DATA'!E17*('HOUSE DASHBOARD'!$B$15-54.2)+'SENATE DATA'!F17*('HOUSE DASHBOARD'!$B$16-85.4)+'SENATE DATA'!G17*('HOUSE DASHBOARD'!$B$17-60.7)+'SENATE DATA'!H17*('HOUSE DASHBOARD'!$B$18-53.5))/100 -> 0 | E45: =2*('SENATE DATA'!I17*('HOUSE DASHBOARD'!$B$21-55.6)+(100-'SENATE DATA'!I17)*('HOUSE DASHBOARD'!$B$22-44.9))/100 -> 0 | F45: =0 -> 0 | G45: =(D45+E45)/2 -> 0 | H45: ='SENATE DATA'!C17+C45+G45 -> 2.7917647 | I45: =IF(H45>=0,"D","R") -> D | J45: ='SENATE DATA'!K17 -> R | K45: =IF(I45=J45,"—",J45&" → "&I45) -> R → D | L45: =IF(H45>=0,"D+"&TEXT(H45,"0.00"),"R+"&TEXT(-H45,"0.00")) -> D+2.79 | M45: =COUNTIF($H$32:$H$66,">"&H45)+COUNTIF($H$32:H45,H45) -> 17 | N45: =ABS(H45) -> 2.7917647 | O45: =COUNTIF($N$32:$N$66,"<"&N45)+COUNTIF($N$32:N45,N45) -> 2 | P45: ='SENATE DATA'!M17 -> -8.5 | Q45: ='SENATE DATA'!N17 -> 2020 SENATE | R45: =H45-P45 -> 11.291765 | S45: =B45-P45 -> 9.8743931 | T45: =H45-B45 -> 1.4173717
A46: ='SENATE DATA'!A18 -> Massachusetts | B46: ='SENATE DATA'!B18 -> 33.791055 | C46: =$D$5 -> -0.3 | D46: =2*('SENATE DATA'!D18*('HOUSE DASHBOARD'!$B$14-42.4)+'SENATE DATA'!E18*('HOUSE DASHBOARD'!$B$15-54.2)+'SENATE DATA'!F18*('HOUSE DASHBOARD'!$B$16-85.4)+'SENATE DATA'!G18*('HOUSE DASHBOARD'!$B$17-60.7)+'SENATE DATA'!H18*('HOUSE DASHBOARD'!$B$18-53.5))/100 -> 0 | E46: =2*('SENATE DATA'!I18*('HOUSE DASHBOARD'!$B$21-55.6)+(100-'SENATE DATA'!I18)*('HOUSE DASHBOARD'!$B$22-44.9))/100 -> 0 | F46: =0 -> 0 | G46: =(D46+E46)/2 -> 0 | H46: ='SENATE DATA'!C18+C46+G46 -> 35.458824 | I46: =IF(H46>=0,"D","R") -> D | J46: ='SENATE DATA'!K18 -> D | K46: =IF(I46=J46,"—",J46&" → "&I46) -> — | L46: =IF(H46>=0,"D+"&TEXT(H46,"0.00"),"R+"&TEXT(-H46,"0.00")) -> D+35.46 | M46: =COUNTIF($H$32:$H$66,">"&H46)+COUNTIF($H$32:H46,H46) -> 1 | N46: =ABS(H46) -> 35.458824 | O46: =COUNTIF($N$32:$N$66,"<"&N46)+COUNTIF($N$32:N46,N46) -> 33 | P46: ='SENATE DATA'!M18 -> 32.3 | Q46: ='SENATE DATA'!N18 -> 2020 SENATE | R46: =H46-P46 -> 3.1588235 | S46: =B46-P46 -> 1.491055 | T46: =H46-B46 -> 1.6677685
A47: ='SENATE DATA'!A19 -> Michigan | B47: ='SENATE DATA'!B19 -> 8.1077774 | C47: =$D$5 -> -0.3 | D47: =2*('SENATE DATA'!D19*('HOUSE DASHBOARD'!$B$14-42.4)+'SENATE DATA'!E19*('HOUSE DASHBOARD'!$B$15-54.2)+'SENATE DATA'!F19*('HOUSE DASHBOARD'!$B$16-85.4)+'SENATE DATA'!G19*('HOUSE DASHBOARD'!$B$17-60.7)+'SENATE DATA'!H19*('HOUSE DASHBOARD'!$B$18-53.5))/100 -> 0 | E47: =2*('SENATE DATA'!I19*('HOUSE DASHBOARD'!$B$21-55.6)+(100-'SENATE DATA'!I19)*('HOUSE DASHBOARD'!$B$22-44.9))/100 -> 0 | F47: =0 -> 0 | G47: =(D47+E47)/2 -> 0 | H47: ='SENATE DATA'!C19+C47+G47 -> 8.45 | I47: =IF(H47>=0,"D","R") -> D | J47: ='SENATE DATA'!K19 -> D | K47: =IF(I47=J47,"—",J47&" → "&I47) -> — | L47: =IF(H47>=0,"D+"&TEXT(H47,"0.00"),"R+"&TEXT(-H47,"0.00")) -> D+8.45 | M47: =COUNTIF($H$32:$H$66,">"&H47)+COUNTIF($H$32:H47,H47) -> 12 | N47: =ABS(H47) -> 8.45 | O47: =COUNTIF($N$32:$N$66,"<"&N47)+COUNTIF($N$32:N47,N47) -> 13 | P47: ='SENATE DATA'!M19 -> -1.42 | Q47: ='SENATE DATA'!N19 -> 2024 PRESIDENTIAL | R47: =H47-P47 -> 9.87 | S47: =B47-P47 -> 9.5277774 | T47: =H47-B47 -> 0.34222264
A48: ='SENATE DATA'!A20 -> Minnesota | B48: ='SENATE DATA'!B20 -> 12.401651 | C48: =$D$5 -> -0.3 | D48: =2*('SENATE DATA'!D20*('HOUSE DASHBOARD'!$B$14-42.4)+'SENATE DATA'!E20*('HOUSE DASHBOARD'!$B$15-54.2)+'SENATE DATA'!F20*('HOUSE DASHBOARD'!$B$16-85.4)+'SENATE DATA'!G20*('HOUSE DASHBOARD'!$B$17-60.7)+'SENATE DATA'!H20*('HOUSE DASHBOARD'!$B$18-53.5))/100 -> 0 | E48: =2*('SENATE DATA'!I20*('HOUSE DASHBOARD'!$B$21-55.6)+(100-'SENATE DATA'!I20)*('HOUSE DASHBOARD'!$B$22-44.9))/100 -> 0 | F48: =0 -> 0 | G48: =(D48+E48)/2 -> 0 | H48: ='SENATE DATA'!C20+C48+G48 -> 14.11 | I48: =IF(H48>=0,"D","R") -> D | J48: ='SENATE DATA'!K20 -> D | K48: =IF(I48=J48,"—",J48&" → "&I48) -> — | L48: =IF(H48>=0,"D+"&TEXT(H48,"0.00"),"R+"&TEXT(-H48,"0.00")) -> D+14.11 | M48: =COUNTIF($H$32:$H$66,">"&H48)+COUNTIF($H$32:H48,H48) -> 8 | N48: =ABS(H48) -> 14.11 | O48: =COUNTIF($N$32:$N$66,"<"&N48)+COUNTIF($N$32:N48,N48) -> 21 | P48: ='SENATE DATA'!M20 -> 4.24 | Q48: ='SENATE DATA'!N20 -> 2024 PRESIDENTIAL | R48: =H48-P48 -> 9.87 | S48: =B48-P48 -> 8.161651 | T48: =H48-B48 -> 1.708349
A49: ='SENATE DATA'!A21 -> Mississippi | B49: ='SENATE DATA'!B21 -> -4.7078959 | C49: =$D$5 -> -0.3 | D49: =2*('SENATE DATA'!D21*('HOUSE DASHBOARD'!$B$14-42.4)+'SENATE DATA'!E21*('HOUSE DASHBOARD'!$B$15-54.2)+'SENATE DATA'!F21*('HOUSE DASHBOARD'!$B$16-85.4)+'SENATE DATA'!G21*('HOUSE DASHBOARD'!$B$17-60.7)+'SENATE DATA'!H21*('HOUSE DASHBOARD'!$B$18-53.5))/100 -> 0 | E49: =2*('SENATE DATA'!I21*('HOUSE DASHBOARD'!$B$21-55.6)+(100-'SENATE DATA'!I21)*('HOUSE DASHBOARD'!$B$22-44.9))/100 -> 0 | F49: =0 -> 0 | G49: =(D49+E49)/2 -> 0 | H49: ='SENATE DATA'!C21+C49+G49 -> -6.05 | I49: =IF(H49>=0,"D","R") -> R | J49: ='SENATE DATA'!K21 -> R | K49: =IF(I49=J49,"—",J49&" → "&I49) -> — | L49: =IF(H49>=0,"D+"&TEXT(H49,"0.00"),"R+"&TEXT(-H49,"0.00")) -> R+6.05 | M49: =COUNTIF($H$32:$H$66,">"&H49)+COUNTIF($H$32:H49,H49) -> 22 | N49: =ABS(H49) -> 6.05 | O49: =COUNTIF($N$32:$N$66,"<"&N49)+COUNTIF($N$32:N49,N49) -> 8 | P49: ='SENATE DATA'!M21 -> -10 | Q49: ='SENATE DATA'!N21 -> 2020 SENATE | R49: =H49-P49 -> 3.95 | S49: =B49-P49 -> 5.2921041 | T49: =H49-B49 -> -1.3421041
A50: ='SENATE DATA'!A22 -> Montana | B50: ='SENATE DATA'!B22 -> -11.182962 | C50: =$D$5 -> -0.3 | D50: =2*('SENATE DATA'!D22*('HOUSE DASHBOARD'!$B$14-42.4)+'SENATE DATA'!E22*('HOUSE DASHBOARD'!$B$15-54.2)+'SENATE DATA'!F22*('HOUSE DASHBOARD'!$B$16-85.4)+'SENATE DATA'!G22*('HOUSE DASHBOARD'!$B$17-60.7)+'SENATE DATA'!H22*('HOUSE DASHBOARD'!$B$18-53.5))/100 -> 0 | E50: =2*('SENATE DATA'!I22*('HOUSE DASHBOARD'!$B$21-55.6)+(100-'SENATE DATA'!I22)*('HOUSE DASHBOARD'!$B$22-44.9))/100 -> 0 | F50: =0 -> 0 | G50: =(D50+E50)/2 -> 0 | H50: ='SENATE DATA'!C22+C50+G50 -> -10.06 | I50: =IF(H50>=0,"D","R") -> R | J50: ='SENATE DATA'!K22 -> R | K50: =IF(I50=J50,"—",J50&" → "&I50) -> — | L50: =IF(H50>=0,"D+"&TEXT(H50,"0.00"),"R+"&TEXT(-H50,"0.00")) -> R+10.06 | M50: =COUNTIF($H$32:$H$66,">"&H50)+COUNTIF($H$32:H50,H50) -> 25 | N50: =ABS(H50) -> 10.06 | O50: =COUNTIF($N$32:$N$66,"<"&N50)+COUNTIF($N$32:N50,N50) -> 15 | P50: ='SENATE DATA'!M22 -> -19.93 | Q50: ='SENATE DATA'!N22 -> 2024 PRESIDENTIAL | R50: =H50-P50 -> 9.87 | S50: =B50-P50 -> 8.7470384 | T50: =H50-B50 -> 1.1229616
A51: ='SENATE DATA'!A23 -> Nebraska | B51: ='SENATE DATA'!B23 -> 2.4381446 | C51: =$D$5 -> -0.3 | D51: =2*('SENATE DATA'!D23*('HOUSE DASHBOARD'!$B$14-42.4)+'SENATE DATA'!E23*('HOUSE DASHBOARD'!$B$15-54.2)+'SENATE DATA'!F23*('HOUSE DASHBOARD'!$B$16-85.4)+'SENATE DATA'!G23*('HOUSE DASHBOARD'!$B$17-60.7)+'SENATE DATA'!H23*('HOUSE DASHBOARD'!$B$18-53.5))/100 -> 0 | E51: =2*('SENATE DATA'!I23*('HOUSE DASHBOARD'!$B$21-55.6)+(100-'SENATE DATA'!I23)*('HOUSE DASHBOARD'!$B$22-44.9))/100 -> 0 | F51: =0 -> 0 | G51: =(D51+E51)/2 -> 0 | H51: ='SENATE DATA'!C23+C51+G51 -> 3.195312 | I51: =IF(H51>=0,"D","R") -> D | J51: ='SENATE DATA'!K23 -> R | K51: =IF(I51=J51,"—",J51&" → "&I51) -> R → D | L51: =IF(H51>=0,"D+"&TEXT(H51,"0.00"),"R+"&TEXT(-H51,"0.00")) -> D+3.20 | M51: =COUNTIF($H$32:$H$66,">"&H51)+COUNTIF($H$32:H51,H51) -> 16 | N51: =ABS(H51) -> 3.195312 | O51: =COUNTIF($N$32:$N$66,"<"&N51)+COUNTIF($N$32:N51,N51) -> 3 | P51: ='SENATE DATA'!M23 -> -6.674688 | Q51: ='SENATE DATA'!N23 -> 2024 SENATE (returning challenger) | R51: =H51-P51 -> 9.87 | S51: =B51-P51 -> 9.1128326 | T51: =H51-B51 -> 0.75716743
... A60: ='SENATE DATA'!A32 -> South Carolina | B60: ='SENATE DATA'!B32 -> -7.6618332 | C60: =$D$5 -> -0.3 | D60: =2*('SENATE DATA'!D32*('HOUSE DASHBOARD'!$B$14-42.4)+'SENATE DATA'!E32*('HOUSE DASHBOARD'!$B$15-54.2)+'SENATE DATA'!F32*('HOUSE DASHBOARD'!$B$16-85.4)+'SENATE DATA'!G32*('HOUSE DASHBOARD'!$B$17-60.7)+'SENATE DATA'!H32*('HOUSE DASHBOARD'!$B$18-53.5))/100 -> 0 | E60: =2*('SENATE DATA'!I32*('HOUSE DASHBOARD'!$B$21-55.6)+(100-'SENATE DATA'!I32)*('HOUSE DASHBOARD'!$B$22-44.9))/100 -> 0 | F60: =0 -> 0 | G60: =(D60+E60)/2 -> 0 | H60: ='SENATE DATA'!C32+C60+G60 -> -8 | I60: =IF(H60>=0,"D","R") -> R | J60: ='SENATE DATA'!K32 -> R | K60: =IF(I60=J60,"—",J60&" → "&I60) -> — | L60: =IF(H60>=0,"D+"&TEXT(H60,"0.00"),"R+"&TEXT(-H60,"0.00")) -> R+8.00 | M60: =COUNTIF($H$32:$H$66,">"&H60)+COUNTIF($H$32:H60,H60) -> 24 | N60: =ABS(H60) -> 8 | O60: =COUNTIF($N$32:$N$66,"<"&N60)+COUNTIF($N$32:N60,N60) -> 12 | P60: ='SENATE DATA'!M32 -> -17.87 | Q60: ='SENATE DATA'!N32 -> 2024 PRESIDENTIAL | R60: =H60-P60 -> 9.87 | S60: =B60-P60 -> 10.208167 | T60: =H60-B60 -> -0.33816678
A61: ='SENATE DATA'!A33 -> South Dakota | B61: ='SENATE DATA'!B33 -> -27.15 | C61: =$D$5 -> -0.3 | D61: =2*('SENATE DATA'!D33*('HOUSE DASHBOARD'!$B$14-42.4)+'SENATE DATA'!E33*('HOUSE DASHBOARD'!$B$15-54.2)+'SENATE DATA'!F33*('HOUSE DASHBOARD'!$B$16-85.4)+'SENATE DATA'!G33*('HOUSE DASHBOARD'!$B$17-60.7)+'SENATE DATA'!H33*('HOUSE DASHBOARD'!$B$18-53.5))/100 -> 0 | E61: =2*('SENATE DATA'!I33*('HOUSE DASHBOARD'!$B$21-55.6)+(100-'SENATE DATA'!I33)*('HOUSE DASHBOARD'!$B$22-44.9))/100 -> 0 | F61: =0 -> 0 | G61: =(D61+E61)/2 -> 0 | H61: ='SENATE DATA'!C33+C61+G61+'SENATE DATA'!$P$3 -> -13.55 | I61: =IF(H61>=0,"D","R") -> R | J61: ='SENATE DATA'!K33 -> R | K61: =IF(I61=J61,"—",J61&" → "&I61) -> — | L61: =IF(H61>=0,"D+"&TEXT(H61,"0.00"),"R+"&TEXT(-H61,"0.00")) -> R+13.55 | M61: =COUNTIF($H$32:$H$66,">"&H61)+COUNTIF($H$32:H61,H61) -> 28 | N61: =ABS(H61) -> 13.55 | O61: =COUNTIF($N$32:$N$66,"<"&N61)+COUNTIF($N$32:N61,N61) -> 20 | P61: ='SENATE DATA'!M33 -> -31.4 | Q61: ='SENATE DATA'!N33 -> 2020 SENATE | R61: =H61-P61 -> 17.85 | S61: =B61-P61 -> 4.25 | T61: =H61-B61 -> 13.6
A62: ='SENATE DATA'!A34 -> Tennessee | B62: ='SENATE DATA'!B34 -> -23.229333 | C62: =$D$5 -> -0.3 | D62: =2*('SENATE DATA'!D34*('HOUSE DASHBOARD'!$B$14-42.4)+'SENATE DATA'!E34*('HOUSE DASHBOARD'!$B$15-54.2)+'SENATE DATA'!F34*('HOUSE DASHBOARD'!$B$16-85.4)+'SENATE DATA'!G34*('HOUSE DASHBOARD'!$B$17-60.7)+'SENATE DATA'!H34*('HOUSE DASHBOARD'!$B$18-53.5))/100 -> 0 | E62: =2*('SENATE DATA'!I34*('HOUSE DASHBOARD'!$B$21-55.6)+(100-'SENATE DATA'!I34)*('HOUSE DASHBOARD'!$B$22-44.9))/100 -> 0 | F62: =0 -> 0 | G62: =(D62+E62)/2 -> 0 | H62: ='SENATE DATA'!C34+C62+G62 -> -23.05 | I62: =IF(H62>=0,"D","R") -> R | J62: ='SENATE DATA'!K34 -> R | K62: =IF(I62=J62,"—",J62&" → "&I62) -> — | L62: =IF(H62>=0,"D+"&TEXT(H62,"0.00"),"R+"&TEXT(-H62,"0.00")) -> R+23.05 | M62: =COUNTIF($H$32:$H$66,">"&H62)+COUNTIF($H$32:H62,H62) -> 32 | N62: =ABS(H62) -> 23.05 | O62: =COUNTIF($N$32:$N$66,"<"&N62)+COUNTIF($N$32:N62,N62) -> 29 | P62: ='SENATE DATA'!M34 -> -27 | Q62: ='SENATE DATA'!N34 -> 2020 SENATE | R62: =H62-P62 -> 3.95 | S62: =B62-P62 -> 3.7706671 | T62: =H62-B62 -> 0.17933295
A63: ='SENATE DATA'!A35 -> Texas | B63: ='SENATE DATA'!B35 -> -1.8979568 | C63: =$D$5 -> -0.3 | D63: =2*('SENATE DATA'!D35*('HOUSE DASHBOARD'!$B$14-42.4)+'SENATE DATA'!E35*('HOUSE DASHBOARD'!$B$15-54.2)+'SENATE DATA'!F35*('HOUSE DASHBOARD'!$B$16-85.4)+'SENATE DATA'!G35*('HOUSE DASHBOARD'!$B$17-60.7)+'SENATE DATA'!H35*('HOUSE DASHBOARD'!$B$18-53.5))/100 -> 0 | E63: =2*('SENATE DATA'!I35*('HOUSE DASHBOARD'!$B$21-55.6)+(100-'SENATE DATA'!I35)*('HOUSE DASHBOARD'!$B$22-44.9))/100 -> 0 | F63: =0 -> 0 | G63: =(D63+E63)/2 -> 0 | H63: ='SENATE DATA'!C35+C63+G63 -> -3.81 | I63: =IF(H63>=0,"D","R") -> R | J63: ='SENATE DATA'!K35 -> R | K63: =IF(I63=J63,"—",J63&" → "&I63) -> — | L63: =IF(H63>=0,"D+"&TEXT(H63,"0.00"),"R+"&TEXT(-H63,"0.00")) -> R+3.81 | M63: =COUNTIF($H$32:$H$66,">"&H63)+COUNTIF($H$32:H63,H63) -> 21 | N63: =ABS(H63) -> 3.81 | O63: =COUNTIF($N$32:$N$66,"<"&N63)+COUNTIF($N$32:N63,N63) -> 6 | P63: ='SENATE DATA'!M35 -> -13.68 | Q63: ='SENATE DATA'!N35 -> 2024 PRESIDENTIAL | R63: =H63-P63 -> 9.87 | S63: =B63-P63 -> 11.782043 | T63: =H63-B63 -> -1.9120432
A64: ='SENATE DATA'!A36 -> Virginia | B64: ='SENATE DATA'!B36 -> 16.045169 | C64: =$D$5 -> -0.3 | D64: =2*('SENATE DATA'!D36*('HOUSE DASHBOARD'!$B$14-42.4)+'SENATE DATA'!E36*('HOUSE DASHBOARD'!$B$15-54.2)+'SENATE DATA'!F36*('HOUSE DASHBOARD'!$B$16-85.4)+'SENATE DATA'!G36*('HOUSE DASHBOARD'!$B$17-60.7)+'SENATE DATA'!H36*('HOUSE DASHBOARD'!$B$18-53.5))/100 -> 0 | E64: =2*('SENATE DATA'!I36*('HOUSE DASHBOARD'!$B$21-55.6)+(100-'SENATE DATA'!I36)*('HOUSE DASHBOARD'!$B$22-44.9))/100 -> 0 | F64: =0 -> 0 | G64: =(D64+E64)/2 -> 0 | H64: ='SENATE DATA'!C36+C64+G64 -> 16.452941 | I64: =IF(H64>=0,"D","R") -> D | J64: ='SENATE DATA'!K36 -> D | K64: =IF(I64=J64,"—",J64&" → "&I64) -> — | L64: =IF(H64>=0,"D+"&TEXT(H64,"0.00"),"R+"&TEXT(-H64,"0.00")) -> D+16.45 | M64: =COUNTIF($H$32:$H$66,">"&H64)+COUNTIF($H$32:H64,H64) -> 7 | N64: =ABS(H64) -> 16.452941 | O64: =COUNTIF($N$32:$N$66,"<"&N64)+COUNTIF($N$32:N64,N64) -> 22 | P64: ='SENATE DATA'!M36 -> 12.1 | Q64: ='SENATE DATA'!N36 -> 2020 SENATE | R64: =H64-P64 -> 4.3529412 | S64: =B64-P64 -> 3.9451694 | T64: =H64-B64 -> 0.40777173
A65: ='SENATE DATA'!A37 -> West Virginia | B65: ='SENATE DATA'!B37 -> -50.141735 | C65: =$D$5 -> -0.3 | D65: =2*('SENATE DATA'!D37*('HOUSE DASHBOARD'!$B$14-42.4)+'SENATE DATA'!E37*('HOUSE DASHBOARD'!$B$15-54.2)+'SENATE DATA'!F37*('HOUSE DASHBOARD'!$B$16-85.4)+'SENATE DATA'!G37*('HOUSE DASHBOARD'!$B$17-60.7)+'SENATE DATA'!H37*('HOUSE DASHBOARD'!$B$18-53.5))/100 -> 0 | E65: =2*('SENATE DATA'!I37*('HOUSE DASHBOARD'!$B$21-55.6)+(100-'SENATE DATA'!I37)*('HOUSE DASHBOARD'!$B$22-44.9))/100 -> 0 | F65: =0 -> 0 | G65: =(D65+E65)/2 -> 0 | H65: ='SENATE DATA'!C37+C65+G65 -> -50.023529 | I65: =IF(H65>=0,"D","R") -> R | J65: ='SENATE DATA'!K37 -> R | K65: =IF(I65=J65,"—",J65&" → "&I65) -> — | L65: =IF(H65>=0,"D+"&TEXT(H65,"0.00"),"R+"&TEXT(-H65,"0.00")) -> R+50.02 | M65: =COUNTIF($H$32:$H$66,">"&H65)+COUNTIF($H$32:H65,H65) -> 35 | N65: =ABS(H65) -> 50.023529 | O65: =COUNTIF($N$32:$N$66,"<"&N65)+COUNTIF($N$32:N65,N65) -> 35 | P65: ='SENATE DATA'!M37 -> -43.3 | Q65: ='SENATE DATA'!N37 -> 2020 SENATE | R65: =H65-P65 -> -6.7235294 | S65: =B65-P65 -> -6.841735 | T65: =H65-B65 -> 0.11820556
A66: ='SENATE DATA'!A38 -> Wyoming | B66: ='SENATE DATA'!B38 -> -36.739947 | C66: =$D$5 -> -0.3 | D66: =2*('SENATE DATA'!D38*('HOUSE DASHBOARD'!$B$14-42.4)+'SENATE DATA'!E38*('HOUSE DASHBOARD'!$B$15-54.2)+'SENATE DATA'!F38*('HOUSE DASHBOARD'!$B$16-85.4)+'SENATE DATA'!G38*('HOUSE DASHBOARD'!$B$17-60.7)+'SENATE DATA'!H38*('HOUSE DASHBOARD'!$B$18-53.5))/100 -> 0 | E66: =2*('SENATE DATA'!I38*('HOUSE DASHBOARD'!$B$21-55.6)+(100-'SENATE DATA'!I38)*('HOUSE DASHBOARD'!$B$22-44.9))/100 -> 0 | F66: =0 -> 0 | G66: =(D66+E66)/2 -> 0 | H66: ='SENATE DATA'!C38+C66+G66 -> -35.89 | I66: =IF(H66>=0,"D","R") -> R | J66: ='SENATE DATA'!K38 -> R | K66: =IF(I66=J66,"—",J66&" → "&I66) -> — | L66: =IF(H66>=0,"D+"&TEXT(H66,"0.00"),"R+"&TEXT(-H66,"0.00")) -> R+35.89 | M66: =COUNTIF($H$32:$H$66,">"&H66)+COUNTIF($H$32:H66,H66) -> 34 | N66: =ABS(H66) -> 35.89 | O66: =COUNTIF($N$32:$N$66,"<"&N66)+COUNTIF($N$32:N66,N66) -> 34 | P66: ='SENATE DATA'!M38 -> -45.76 | Q66: ='SENATE DATA'!N38 -> 2024 PRESIDENTIAL | R66: =H66-P66 -> 9.87 | S66: =B66-P66 -> 9.020053 | T66: =H66-B66 -> 0.84994701

Sheet GOVERNOR DASHBOARD
A1: 2026 ELECTION SIMULATOR / GOVERNORS | 36 CONTESTS
A2: Linked to House inputs • live seat count and state results below.
A4: NATIONAL ENVIRONMENT | G4: LIVE SEAT COUNT
A5: National generic ballot · D−R | B5: ='HOUSE DASHBOARD'!B5 -> 8.4 | C5: 8.7 | D5: ='HOUSE DASHBOARD'!D5 -> -0.3 | E5: Governor baselines vary by state | G5: Democratic seats | I5: Republican seats
A6: Demographic scenario | B6: All edited groups | E6: Active demographics: RACE + EDUCATION only | G6: =COUNTIF(I36:I71,"D")+COUNTIF('GOVERNOR DATA'!Q4:Q17,"D") -> 27 | I6: =COUNTIF(I36:I71,"R")+COUNTIF('GOVERNOR DATA'!Q4:Q17,"R") -> 23
A7: Additional swing (pp) | B7: ='HOUSE DASHBOARD'!B7 -> 0 | E7: 0 = no extra adjustment
A8: Simulated national margin | B8: ='HOUSE DASHBOARD'!B8 -> 8.4 | E8: Implied national vote margin reflects scenario settings.
A9: Scenario | B9: ='HOUSE DASHBOARD'!B9 -> Custom | C9: Preset (generic ballot mode only) | G9: D seat change | H9: =G6-24 -> 3 | I9: R seat change | J9: =-H9 -> -3
A10: Starting baseline | B10: ='HOUSE DASHBOARD'!B10 -> Uniform swing | C10: Each contest has its own 2026 forecast baseline | E10: Uniform swing = pre-demographic forecast (DATA col C); Original forecast = legacy modeled forecast (DATA col B). Neither is raw 2024 result. | G10: 50-state governorship count: 36 simulated elections + 14 fixed off-cycle states.
A11: National calculation | B11: ='HOUSE DASHBOARD'!B11 -> Generic ballot | C11: -1.48 | D11: 2024 presidential baseline (D−R pp) | E11: Mode: Generic ballot combines the ballot swing with vote-share changes; Demographic-driven uses vote-share changes alone. | G11: Off-cycle states stay with their currently elected party; see GOVERNOR DATA.
A13: RACE / ETHNICITY | B13: EDIT D % | C13: 2024 National Baseline (R+1.5) | D13: 2020 National Baseline (D+ 4.5) | E13: 2018 National House (D+8.4) | F13: Applied D% | G13: Category switch
A14: White (non-Hispanic) | B14: ='HOUSE DASHBOARD'!B14 -> 42.4 | C14: 42.4 | D14: 42 | E14: 45 | F14: ='HOUSE DASHBOARD'!F14 -> 42.4 | G14: Race
A15: Hispanic / Latino | B15: ='HOUSE DASHBOARD'!B15 -> 54.2 | C15: 54.2 | D15: 63 | E15: 67 | F15: ='HOUSE DASHBOARD'!F15 -> 54.2 | G15: 2024 baseline = ignore edits
A16: Black | B16: ='HOUSE DASHBOARD'!B16 -> 85.4 | C16: 85.4 | D16: 90 | E16: 91 | F16: ='HOUSE DASHBOARD'!F16 -> 85.4
A17: Asian | B17: ='HOUSE DASHBOARD'!B17 -> 60.7 | C17: 60.7 | D17: 64 | E17: 62 | F17: ='HOUSE DASHBOARD'!F17 -> 60.7
A18: Other / unclassified | B18: ='HOUSE DASHBOARD'!B18 -> 53.5 | C18: 53.5 | F18: ='HOUSE DASHBOARD'!F18 -> 53.5
A20: EDUCATION GROUP | B20: EDIT D % | C20: 2024 National Baseline (R+1.5) | D20: 2020 National Baseline (D+ 4.5) | E20: 2018 National House (D+8.4) | F20: Applied D%
A21: College degree (BA+) | B21: ='HOUSE DASHBOARD'!B21 -> 55.6 | C21: 55.6 | D21: 56 | E21: 57 | F21: ='HOUSE DASHBOARD'!F21 -> 55.6 | G21: Education
A22: Without BA degree | B22: ='HOUSE DASHBOARD'!B22 -> 44.9 | C22: 44.9 | D22: 49 | E22: 52 | F22: ='HOUSE DASHBOARD'!F22 -> 44.9
J27: Exploratory sensitivity model, not a validated electorate or seat forecast.
A28: State results
A30: Closest governor contest (absolute pp) | B30: =SMALL(N36:N71,1) -> 0.3 | D30: Closest state | E30: =INDEX(A36:A71,MATCH(1,O36:O71,0)) -> Texas | G30: D projected wins | H30: =G6 -> 27 | I30: R projected wins | J30: =I6 -> 23
A32: 2026 interactive scenario • historical baseline fixed • teal cells are controls
A35: District / state | B35: Original D−R | C35: National Δ | D35: Race Δ | E35: Education Δ | F35: Income (excluded) | G35: Race + Education Δ | H35: SCENARIO D−R | I35: Party | J35: Baseline holder / reference | K35: Flip vs reference | L35: Display margin | M35: D margin rank | N35: Absolute margin | O35: Closeness rank | P35: Source baseline D−R | Q35: Source election / proxy | R35: Scenario − historical | S35: Legacy forecast − baseline | T35: Scenario − legacy forecast
A36: ='GOVERNOR DATA'!A4 -> Alabama | B36: ='GOVERNOR DATA'!B4 -> -20.116479 | C36: =$D$5 -> -0.3 | D36: =2*('GOVERNOR DATA'!D4*('HOUSE DASHBOARD'!$B$14-42.4)+'GOVERNOR DATA'!E4*('HOUSE DASHBOARD'!$B$15-54.2)+'GOVERNOR DATA'!F4*('HOUSE DASHBOARD'!$B$16-85.4)+'GOVERNOR DATA'!G4*('HOUSE DASHBOARD'!$B$17-60.7)+'GOVERNOR DATA'!H4*('HOUSE DASHBOARD'!$B$18-53.5))/100 -> 0 | E36: =2*('GOVERNOR DATA'!I4*('HOUSE DASHBOARD'!$B$21-55.6)+(100-'GOVERNOR DATA'!I4)*('HOUSE DASHBOARD'!$B$22-44.9))/100 -> 0 | F36: =0 -> 0 | G36: =(D36+E36)/2 -> 0 | H36: ='GOVERNOR DATA'!C4+C36+G36 -> -20.62 | I36: =IF(H36>=0,"D","R") -> R | J36: ='GOVERNOR DATA'!K4 -> R | K36: =IF(I36=J36,"—",J36&" → "&I36) -> — | L36: =IF(H36>=0,"D+"&TEXT(H36,"0.00"),"R+"&TEXT(-H36,"0.00")) -> R+20.62 | M36: =COUNTIF($H$36:$H$71,">"&H36)+COUNTIF($H$36:H36,H36) -> 32 | N36: =ABS(H36) -> 20.62 | O36: =COUNTIF($N$36:$N$71,"<"&N36)+COUNTIF($N$36:N36,N36) -> 23 | P36: ='GOVERNOR DATA'!M4 -> -30.5 | Q36: ='GOVERNOR DATA'!N4 -> 2024 President (2024) | R36: =H36-P36 -> 9.88 | S36: =B36-P36 -> 10.383521 | T36: =H36-B36 -> -0.50352115
A37: ='GOVERNOR DATA'!A5 -> Alaska | B37: ='GOVERNOR DATA'!B5 -> -4.5984758 | C37: =$D$5 -> -0.3 | D37: =2*('GOVERNOR DATA'!D5*('HOUSE DASHBOARD'!$B$14-42.4)+'GOVERNOR DATA'!E5*('HOUSE DASHBOARD'!$B$15-54.2)+'GOVERNOR DATA'!F5*('HOUSE DASHBOARD'!$B$16-85.4)+'GOVERNOR DATA'!G5*('HOUSE DASHBOARD'!$B$17-60.7)+'GOVERNOR DATA'!H5*('HOUSE DASHBOARD'!$B$18-53.5))/100 -> 0 | E37: =2*('GOVERNOR DATA'!I5*('HOUSE DASHBOARD'!$B$21-55.6)+(100-'GOVERNOR DATA'!I5)*('HOUSE DASHBOARD'!$B$22-44.9))/100 -> 0 | F37: =0 -> 0 | G37: =(D37+E37)/2 -> 0 | H37: ='GOVERNOR DATA'!C5+C37+G37 -> -3.22 | I37: =IF(H37>=0,"D","R") -> R | J37: ='GOVERNOR DATA'!K5 -> R | K37: =IF(I37=J37,"—",J37&" → "&I37) -> — | L37: =IF(H37>=0,"D+"&TEXT(H37,"0.00"),"R+"&TEXT(-H37,"0.00")) -> R+3.22 | M37: =COUNTIF($H$36:$H$71,">"&H37)+COUNTIF($H$36:H37,H37) -> 23 | N37: =ABS(H37) -> 3.22 | O37: =COUNTIF($N$36:$N$71,"<"&N37)+COUNTIF($N$36:N37,N37) -> 4 | P37: ='GOVERNOR DATA'!M5 -> -13.1 | Q37: ='GOVERNOR DATA'!N5 -> 2024 President (2024) | R37: =H37-P37 -> 9.88 | S37: =B37-P37 -> 8.5015242 | T37: =H37-B37 -> 1.3784758
A38: ='GOVERNOR DATA'!A6 -> Arizona | B38: ='GOVERNOR DATA'!B6 -> 12.649439 | C38: =$D$5 -> -0.3 | D38: =2*('GOVERNOR DATA'!D6*('HOUSE DASHBOARD'!$B$14-42.4)+'GOVERNOR DATA'!E6*('HOUSE DASHBOARD'!$B$15-54.2)+'GOVERNOR DATA'!F6*('HOUSE DASHBOARD'!$B$16-85.4)+'GOVERNOR DATA'!G6*('HOUSE DASHBOARD'!$B$17-60.7)+'GOVERNOR DATA'!H6*('HOUSE DASHBOARD'!$B$18-53.5))/100 -> 0 | E38: =2*('GOVERNOR DATA'!I6*('HOUSE DASHBOARD'!$B$21-55.6)+(100-'GOVERNOR DATA'!I6)*('HOUSE DASHBOARD'!$B$22-44.9))/100 -> 0 | F38: =0 -> 0 | G38: =(D38+E38)/2 -> 0 | H38: ='GOVERNOR DATA'!C6+C38+G38 -> 11.87 | I38: =IF(H38>=0,"D","R") -> D | J38: ='GOVERNOR DATA'!K6 -> D | K38: =IF(I38=J38,"—",J38&" → "&I38) -> — | L38: =IF(H38>=0,"D+"&TEXT(H38,"0.00"),"R+"&TEXT(-H38,"0.00")) -> D+11.87 | M38: =COUNTIF($H$36:$H$71,">"&H38)+COUNTIF($H$36:H38,H38) -> 15 | N38: =ABS(H38) -> 11.87 | O38: =COUNTIF($N$36:$N$71,"<"&N38)+COUNTIF($N$36:N38,N38) -> 13 | P38: ='GOVERNOR DATA'!M6 -> 0.67 | Q38: ='GOVERNOR DATA'!N6 -> Prior Governor (2022) | R38: =H38-P38 -> 11.2 | S38: =B38-P38 -> 11.979439 | T38: =H38-B38 -> -0.77943852
A39: ='GOVERNOR DATA'!A7 -> Arkansas | B39: ='GOVERNOR DATA'!B7 -> -16.052228 | C39: =$D$5 -> -0.3 | D39: =2*('GOVERNOR DATA'!D7*('HOUSE DASHBOARD'!$B$14-42.4)+'GOVERNOR DATA'!E7*('HOUSE DASHBOARD'!$B$15-54.2)+'GOVERNOR DATA'!F7*('HOUSE DASHBOARD'!$B$16-85.4)+'GOVERNOR DATA'!G7*('HOUSE DASHBOARD'!$B$17-60.7)+'GOVERNOR DATA'!H7*('HOUSE DASHBOARD'!$B$18-53.5))/100 -> 0 | E39: =2*('GOVERNOR DATA'!I7*('HOUSE DASHBOARD'!$B$21-55.6)+(100-'GOVERNOR DATA'!I7)*('HOUSE DASHBOARD'!$B$22-44.9))/100 -> 0 | F39: =0 -> 0 | G39: =(D39+E39)/2 -> 0 | H39: ='GOVERNOR DATA'!C7+C39+G39 -> -16.6 | I39: =IF(H39>=0,"D","R") -> R | J39: ='GOVERNOR DATA'!K7 -> R | K39: =IF(I39=J39,"—",J39&" → "&I39) -> — | L39: =IF(H39>=0,"D+"&TEXT(H39,"0.00"),"R+"&TEXT(-H39,"0.00")) -> R+16.60 | M39: =COUNTIF($H$36:$H$71,">"&H39)+COUNTIF($H$36:H39,H39) -> 29 | N39: =ABS(H39) -> 16.6 | O39: =COUNTIF($N$36:$N$71,"<"&N39)+COUNTIF($N$36:N39,N39) -> 18 | P39: ='GOVERNOR DATA'!M7 -> -27.8 | Q39: ='GOVERNOR DATA'!N7 -> Prior Governor (2022) | R39: =H39-P39 -> 11.2 | S39: =B39-P39 -> 11.747772 | T39: =H39-B39 -> -0.54777166
A40: ='GOVERNOR DATA'!A8 -> California | B40: ='GOVERNOR DATA'!B8 -> 31.899894 | C40: =$D$5 -> -0.3 | D40: =2*('GOVERNOR DATA'!D8*('HOUSE DASHBOARD'!$B$14-42.4)+'GOVERNOR DATA'!E8*('HOUSE DASHBOARD'!$B$15-54.2)+'GOVERNOR DATA'!F8*('HOUSE DASHBOARD'!$B$16-85.4)+'GOVERNOR DATA'!G8*('HOUSE DASHBOARD'!$B$17-60.7)+'GOVERNOR DATA'!H8*('HOUSE DASHBOARD'!$B$18-53.5))/100 -> 0 | E40: =2*('GOVERNOR DATA'!I8*('HOUSE DASHBOARD'!$B$21-55.6)+(100-'GOVERNOR DATA'!I8)*('HOUSE DASHBOARD'!$B$22-44.9))/100 -> 0 | F40: =0 -> 0 | G40: =(D40+E40)/2 -> 0 | H40: ='GOVERNOR DATA'!C8+C40+G40 -> 29.98 | I40: =IF(H40>=0,"D","R") -> D | J40: ='GOVERNOR DATA'!K8 -> D | K40: =IF(I40=J40,"—",J40&" → "&I40) -> — | L40: =IF(H40>=0,"D+"&TEXT(H40,"0.00"),"R+"&TEXT(-H40,"0.00")) -> D+29.98 | M40: =COUNTIF($H$36:$H$71,">"&H40)+COUNTIF($H$36:H40,H40) -> 5 | N40: =ABS(H40) -> 29.98 | O40: =COUNTIF($N$36:$N$71,"<"&N40)+COUNTIF($N$36:N40,N40) -> 30 | P40: ='GOVERNOR DATA'!M8 -> 20.1 | Q40: ='GOVERNOR DATA'!N8 -> 2024 President (2024) | R40: =H40-P40 -> 9.88 | S40: =B40-P40 -> 11.799894 | T40: =H40-B40 -> -1.9198944
A41: ='GOVERNOR DATA'!A9 -> Colorado | B41: ='GOVERNOR DATA'!B9 -> 19.582218 | C41: =$D$5 -> -0.3 | D41: =2*('GOVERNOR DATA'!D9*('HOUSE DASHBOARD'!$B$14-42.4)+'GOVERNOR DATA'!E9*('HOUSE DASHBOARD'!$B$15-54.2)+'GOVERNOR DATA'!F9*('HOUSE DASHBOARD'!$B$16-85.4)+'GOVERNOR DATA'!G9*('HOUSE DASHBOARD'!$B$17-60.7)+'GOVERNOR DATA'!H9*('HOUSE DASHBOARD'!$B$18-53.5))/100 -> 0 | E41: =2*('GOVERNOR DATA'!I9*('HOUSE DASHBOARD'!$B$21-55.6)+(100-'GOVERNOR DATA'!I9)*('HOUSE DASHBOARD'!$B$22-44.9))/100 -> 0 | F41: =0 -> 0 | G41: =(D41+E41)/2 -> 0 | H41: ='GOVERNOR DATA'!C9+C41+G41 -> 20.88 | I41: =IF(H41>=0,"D","R") -> D | J41: ='GOVERNOR DATA'!K9 -> D | K41: =IF(I41=J41,"—",J41&" → "&I41) -> — | L41: =IF(H41>=0,"D+"&TEXT(H41,"0.00"),"R+"&TEXT(-H41,"0.00")) -> D+20.88 | M41: =COUNTIF($H$36:$H$71,">"&H41)+COUNTIF($H$36:H41,H41) -> 9 | N41: =ABS(H41) -> 20.88 | O41: =COUNTIF($N$36:$N$71,"<"&N41)+COUNTIF($N$36:N41,N41) -> 24 | P41: ='GOVERNOR DATA'!M9 -> 11 | Q41: ='GOVERNOR DATA'!N9 -> 2024 President (2024) | R41: =H41-P41 -> 9.88 | S41: =B41-P41 -> 8.5822175 | T41: =H41-B41 -> 1.2977825
A42: ='GOVERNOR DATA'!A10 -> Connecticut | B42: ='GOVERNOR DATA'!B10 -> 22.889764 | C42: =$D$5 -> -0.3 | D42: =2*('GOVERNOR DATA'!D10*('HOUSE DASHBOARD'!$B$14-42.4)+'GOVERNOR DATA'!E10*('HOUSE DASHBOARD'!$B$15-54.2)+'GOVERNOR DATA'!F10*('HOUSE DASHBOARD'!$B$16-85.4)+'GOVERNOR DATA'!G10*('HOUSE DASHBOARD'!$B$17-60.7)+'GOVERNOR DATA'!H10*('HOUSE DASHBOARD'!$B$18-53.5))/100 -> 0 | E42: =2*('GOVERNOR DATA'!I10*('HOUSE DASHBOARD'!$B$21-55.6)+(100-'GOVERNOR DATA'!I10)*('HOUSE DASHBOARD'!$B$22-44.9))/100 -> 0 | F42: =0 -> 0 | G42: =(D42+E42)/2 -> 0 | H42: ='GOVERNOR DATA'!C10+C42+G42 -> 24.1 | I42: =IF(H42>=0,"D","R") -> D | J42: ='GOVERNOR DATA'!K10 -> D | K42: =IF(I42=J42,"—",J42&" → "&I42) -> — | L42: =IF(H42>=0,"D+"&TEXT(H42,"0.00"),"R+"&TEXT(-H42,"0.00")) -> D+24.10 | M42: =COUNTIF($H$36:$H$71,">"&H42)+COUNTIF($H$36:H42,H42) -> 7 | N42: =ABS(H42) -> 24.1 | O42: =COUNTIF($N$36:$N$71,"<"&N42)+COUNTIF($N$36:N42,N42) -> 26 | P42: ='GOVERNOR DATA'!M10 -> 12.9 | Q42: ='GOVERNOR DATA'!N10 -> Prior Governor (2022) | R42: =H42-P42 -> 11.2 | S42: =B42-P42 -> 9.9897641 | T42: =H42-B42 -> 1.2102359
A43: ='GOVERNOR DATA'!A11 -> Florida | B43: ='GOVERNOR DATA'!B11 -> -2.0562831 | C43: =$D$5 -> -0.3 | D43: =2*('GOVERNOR DATA'!D11*('HOUSE DASHBOARD'!$B$14-42.4)+'GOVERNOR DATA'!E11*('HOUSE DASHBOARD'!$B$15-54.2)+'GOVERNOR DATA'!F11*('HOUSE DASHBOARD'!$B$16-85.4)+'GOVERNOR DATA'!G11*('HOUSE DASHBOARD'!$B$17-60.7)+'GOVERNOR DATA'!H11*('HOUSE DASHBOARD'!$B$18-53.5))/100 -> 0 | E43: =2*('GOVERNOR DATA'!I11*('HOUSE DASHBOARD'!$B$21-55.6)+(100-'GOVERNOR DATA'!I11)*('HOUSE DASHBOARD'!$B$22-44.9))/100 -> 0 | F43: =0 -> 0 | G43: =(D43+E43)/2 -> 0 | H43: ='GOVERNOR DATA'!C11+C43+G43 -> -3.22 | I43: =IF(H43>=0,"D","R") -> R | J43: ='GOVERNOR DATA'!K11 -> R | K43: =IF(I43=J43,"—",J43&" → "&I43) -> — | L43: =IF(H43>=0,"D+"&TEXT(H43,"0.00"),"R+"&TEXT(-H43,"0.00")) -> R+3.22 | M43: =COUNTIF($H$36:$H$71,">"&H43)+COUNTIF($H$36:H43,H43) -> 24 | N43: =ABS(H43) -> 3.22 | O43: =COUNTIF($N$36:$N$71,"<"&N43)+COUNTIF($N$36:N43,N43) -> 5 | P43: ='GOVERNOR DATA'!M11 -> -13.1 | Q43: ='GOVERNOR DATA'!N11 -> 2024 President (2024) | R43: =H43-P43 -> 9.88 | S43: =B43-P43 -> 11.043717 | T43: =H43-B43 -> -1.1637169
A44: ='GOVERNOR DATA'!A12 -> Georgia | B44: ='GOVERNOR DATA'!B12 -> 8.0635341 | C44: =$D$5 -> -0.3 | D44: =2*('GOVERNOR DATA'!D12*('HOUSE DASHBOARD'!$B$14-42.4)+'GOVERNOR DATA'!E12*('HOUSE DASHBOARD'!$B$15-54.2)+'GOVERNOR DATA'!F12*('HOUSE DASHBOARD'!$B$16-85.4)+'GOVERNOR DATA'!G12*('HOUSE DASHBOARD'!$B$17-60.7)+'GOVERNOR DATA'!H12*('HOUSE DASHBOARD'!$B$18-53.5))/100 -> 0 | E44: =2*('GOVERNOR DATA'!I12*('HOUSE DASHBOARD'!$B$21-55.6)+(100-'GOVERNOR DATA'!I12)*('HOUSE DASHBOARD'!$B$22-44.9))/100 -> 0 | F44: =0 -> 0 | G44: =(D44+E44)/2 -> 0 | H44: ='GOVERNOR DATA'!C12+C44+G44 -> 7.68 | I44: =IF(H44>=0,"D","R") -> D | J44: ='GOVERNOR DATA'!K12 -> D | K44: =IF(I44=J44,"—",J44&" → "&I44) -> — | L44: =IF(H44>=0,"D+"&TEXT(H44,"0.00"),"R+"&TEXT(-H44,"0.00")) -> D+7.68 | M44: =COUNTIF($H$36:$H$71,">"&H44)+COUNTIF($H$36:H44,H44) -> 19 | N44: =ABS(H44) -> 7.68 | O44: =COUNTIF($N$36:$N$71,"<"&N44)+COUNTIF($N$36:N44,N44) -> 8 | P44: ='GOVERNOR DATA'!M12 -> -2.2 | Q44: ='GOVERNOR DATA'!N12 -> 2024 President (2024) | R44: =H44-P44 -> 9.88 | S44: =B44-P44 -> 10.263534 | T44: =H44-B44 -> -0.38353409
A45: ='GOVERNOR DATA'!A13 -> Hawaii | B45: ='GOVERNOR DATA'!B13 -> 41.044565 | C45: =$D$5 -> -0.3 | D45: =2*('GOVERNOR DATA'!D13*('HOUSE DASHBOARD'!$B$14-42.4)+'GOVERNOR DATA'!E13*('HOUSE DASHBOARD'!$B$15-54.2)+'GOVERNOR DATA'!F13*('HOUSE DASHBOARD'!$B$16-85.4)+'GOVERNOR DATA'!G13*('HOUSE DASHBOARD'!$B$17-60.7)+'GOVERNOR DATA'!H13*('HOUSE DASHBOARD'!$B$18-53.5))/100 -> 0 | E45: =2*('GOVERNOR DATA'!I13*('HOUSE DASHBOARD'!$B$21-55.6)+(100-'GOVERNOR DATA'!I13)*('HOUSE DASHBOARD'!$B$22-44.9))/100 -> 0 | F45: =0 -> 0 | G45: =(D45+E45)/2 -> 0 | H45: ='GOVERNOR DATA'!C13+C45+G45 -> 37.6 | I45: =IF(H45>=0,"D","R") -> D | J45: ='GOVERNOR DATA'!K13 -> D | K45: =IF(I45=J45,"—",J45&" → "&I45) -> — | L45: =IF(H45>=0,"D+"&TEXT(H45,"0.00"),"R+"&TEXT(-H45,"0.00")) -> D+37.60 | M45: =COUNTIF($H$36:$H$71,">"&H45)+COUNTIF($H$36:H45,H45) -> 3 | N45: =ABS(H45) -> 37.6 | O45: =COUNTIF($N$36:$N$71,"<"&N45)+COUNTIF($N$36:N45,N45) -> 33 | P45: ='GOVERNOR DATA'!M13 -> 26.4 | Q45: ='GOVERNOR DATA'!N13 -> Prior Governor (2022) | R45: =H45-P45 -> 11.2 | S45: =B45-P45 -> 14.644565 | T45: =H45-B45 -> -3.4445647
A46: ='GOVERNOR DATA'!A14 -> Idaho | B46: ='GOVERNOR DATA'!B14 -> -29.891132 | C46: =$D$5 -> -0.3 | D46: =2*('GOVERNOR DATA'!D14*('HOUSE DASHBOARD'!$B$14-42.4)+'GOVERNOR DATA'!E14*('HOUSE DASHBOARD'!$B$15-54.2)+'GOVERNOR DATA'!F14*('HOUSE DASHBOARD'!$B$16-85.4)+'GOVERNOR DATA'!G14*('HOUSE DASHBOARD'!$B$17-60.7)+'GOVERNOR DATA'!H14*('HOUSE DASHBOARD'!$B$18-53.5))/100 -> 0 | E46: =2*('GOVERNOR DATA'!I14*('HOUSE DASHBOARD'!$B$21-55.6)+(100-'GOVERNOR DATA'!I14)*('HOUSE DASHBOARD'!$B$22-44.9))/100 -> 0 | F46: =0 -> 0 | G46: =(D46+E46)/2 -> 0 | H46: ='GOVERNOR DATA'!C14+C46+G46 -> -29 | I46: =IF(H46>=0,"D","R") -> R | J46: ='GOVERNOR DATA'!K14 -> R | K46: =IF(I46=J46,"—",J46&" → "&I46) -> — | L46: =IF(H46>=0,"D+"&TEXT(H46,"0.00"),"R+"&TEXT(-H46,"0.00")) -> R+29.00 | M46: =COUNTIF($H$36:$H$71,">"&H46)+COUNTIF($H$36:H46,H46) -> 34 | N46: =ABS(H46) -> 29 | O46: =COUNTIF($N$36:$N$71,"<"&N46)+COUNTIF($N$36:N46,N46) -> 29 | P46: ='GOVERNOR DATA'!M14 -> -40.2 | Q46: ='GOVERNOR DATA'!N14 -> Prior Governor (2022) | R46: =H46-P46 -> 11.2 | S46: =B46-P46 -> 10.308868 | T46: =H46-B46 -> 0.89113174
A47: ='GOVERNOR DATA'!A15 -> Illinois | B47: ='GOVERNOR DATA'!B15 -> 23.716307 | C47: =$D$5 -> -0.3 | D47: =2*('GOVERNOR DATA'!D15*('HOUSE DASHBOARD'!$B$14-42.4)+'GOVERNOR DATA'!E15*('HOUSE DASHBOARD'!$B$15-54.2)+'GOVERNOR DATA'!F15*('HOUSE DASHBOARD'!$B$16-85.4)+'GOVERNOR DATA'!G15*('HOUSE DASHBOARD'!$B$17-60.7)+'GOVERNOR DATA'!H15*('HOUSE DASHBOARD'!$B$18-53.5))/100 -> 0 | E47: =2*('GOVERNOR DATA'!I15*('HOUSE DASHBOARD'!$B$21-55.6)+(100-'GOVERNOR DATA'!I15)*('HOUSE DASHBOARD'!$B$22-44.9))/100 -> 0 | F47: =0 -> 0 | G47: =(D47+E47)/2 -> 0 | H47: ='GOVERNOR DATA'!C15+C47+G47 -> 23.7 | I47: =IF(H47>=0,"D","R") -> D | J47: ='GOVERNOR DATA'!K15 -> D | K47: =IF(I47=J47,"—",J47&" → "&I47) -> — | L47: =IF(H47>=0,"D+"&TEXT(H47,"0.00"),"R+"&TEXT(-H47,"0.00")) -> D+23.70 | M47: =COUNTIF($H$36:$H$71,">"&H47)+COUNTIF($H$36:H47,H47) -> 8 | N47: =ABS(H47) -> 23.7 | O47: =COUNTIF($N$36:$N$71,"<"&N47)+COUNTIF($N$36:N47,N47) -> 25 | P47: ='GOVERNOR DATA'!M15 -> 12.5 | Q47: ='GOVERNOR DATA'!N15 -> Prior Governor (2022) | R47: =H47-P47 -> 11.2 | S47: =B47-P47 -> 11.216307 | T47: =H47-B47 -> -0.016306849
... A71: ='GOVERNOR DATA'!A39 -> Wyoming | B71: ='GOVERNOR DATA'!B39 -> -36.769947 | C71: =$D$5 -> -0.3 | D71: =2*('GOVERNOR DATA'!D39*('HOUSE DASHBOARD'!$B$14-42.4)+'GOVERNOR DATA'!E39*('HOUSE DASHBOARD'!$B$15-54.2)+'GOVERNOR DATA'!F39*('HOUSE DASHBOARD'!$B$16-85.4)+'GOVERNOR DATA'!G39*('HOUSE DASHBOARD'!$B$17-60.7)+'GOVERNOR DATA'!H39*('HOUSE DASHBOARD'!$B$18-53.5))/100 -> 0 | E71: =2*('GOVERNOR DATA'!I39*('HOUSE DASHBOARD'!$B$21-55.6)+(100-'GOVERNOR DATA'!I39)*('HOUSE DASHBOARD'!$B$22-44.9))/100 -> 0 | F71: =0 -> 0 | G71: =(D71+E71)/2 -> 0 | H71: ='GOVERNOR DATA'!C39+C71+G71 -> -35.92 | I71: =IF(H71>=0,"D","R") -> R | J71: ='GOVERNOR DATA'!K39 -> R | K71: =IF(I71=J71,"—",J71&" → "&I71) -> — | L71: =IF(H71>=0,"D+"&TEXT(H71,"0.00"),"R+"&TEXT(-H71,"0.00")) -> R+35.92 | M71: =COUNTIF($H$36:$H$71,">"&H71)+COUNTIF($H$36:H71,H71) -> 35 | N71: =ABS(H71) -> 35.92 | O71: =COUNTIF($N$36:$N$71,"<"&N71)+COUNTIF($N$36:N71,N71) -> 32 | P71: ='GOVERNOR DATA'!M39 -> -45.8 | Q71: ='GOVERNOR DATA'!N39 -> 2024 President (2024) | R71: =H71-P71 -> 9.88 | S71: =B71-P71 -> 9.030053 | T71: =H71-B71 -> 0.84994701

Sheet HOUSE DATA
A1: House model data and baselines
A2: Historical margins in M:N are from the source election-model files; B is the initial 2026 forecast.
A3: Contest | B3: Original margin | C3: Pre-demo margin | D3: White % | E3: Hispanic % | F3: Black % | G3: Asian % | H3: Other % | I3: BA+ % | J3: High income PROXY % | K3: Previous holder / reference | L3: Baseline used | M3: Historical election D−R (pp) | N3: Historical election / proxy
A4: AK-AL | B4: 8.1315242 | C4: 10.22 | D4: 61.5 | E4: 6.2 | F4: 3.9 | G4: 5.9 | H4: 22.5 | I4: 30.7 | J4: 54.373667 | K4: R | L4: 2024 HOUSE / prior substitute | M4: -1.04 | N4: 2024 HOUSE / prior substitute
A5: AL-01 | B5: -24.724556 | C5: -25.17 | D5: 66 | E5: 2.3 | F5: 26.1 | G5: 1.4 | H5: 4.2 | I5: 25.9 | J5: 44.593667 | K5: R | L5: 2024 PRESIDENT (open seat) | M5: -36.02 | N5: 2024 PRESIDENT (open seat)
A6: AL-02 | B6: -2.8761422 | C6: -3.1990495 | D6: 62 | E6: 2.2 | F6: 31.1 | G6: 1.3 | H6: 3.4 | I6: 25.1 | J6: 44.187 | K6: D | L6: 2024 HOUSE / prior substitute | M6: -14.45905 | N6: 2024 HOUSE / prior substitute
A7: AL-03 | B7: -35.422944 | C7: -35.757189 | D7: 67.7 | E7: 2.1 | F7: 25 | G7: 0.9 | H7: 4.3 | I7: 22.4 | J7: 43.015667 | K7: R | L7: 2024 HOUSE / prior substitute | M7: -47.017189 | N7: 2024 HOUSE / prior substitute
A8: AL-04 | B8: -56.160299 | C8: -55.777412 | D8: 82.4 | E8: 2.7 | F8: 7.8 | G8: 0.6 | H8: 6.5 | I8: 18.5 | J8: 43.32 | K8: R | L8: 2024 HOUSE / prior substitute | M8: -67.037412 | N8: 2024 HOUSE / prior substitute
A9: AL-05 | B9: -19.750267 | C9: -18.271568 | D9: 70.9 | E9: 2.9 | F9: 18.6 | G9: 1.7 | H9: 5.9 | I9: 35.7 | J9: 49.566 | K9: R | L9: 2024 HOUSE / prior substitute | M9: -29.531568 | N9: 2024 HOUSE / prior substitute
A10: AL-06 | B10: -25.430455 | C10: -23.496098 | D10: 71.2 | E10: 2.4 | F10: 20 | G10: 1.5 | H10: 4.9 | I10: 38.8 | J10: 51.265333 | K10: R | L10: 2024 HOUSE / prior substitute | M10: -34.756098 | N10: 2024 HOUSE / prior substitute
A11: AL-07 | B11: 30.934189 | C11: 29.276194 | D11: 38.6 | E11: 1.5 | F11: 56.9 | G11: 0.9 | H11: 2.1 | I11: 23.9 | J11: 40.261333 | K11: D | L11: 2024 HOUSE / prior substitute | M11: 18.016194 | N11: 2024 HOUSE / prior substitute
A12: AR-01 | B12: -39.099402 | C12: -39.2 | D12: 75.8 | E12: 2.1 | F12: 16.7 | G12: 0.5 | H12: 4.9 | I12: 17.6 | J12: 41.744333 | K12: R | L12: 2024 HOUSE / prior substitute | M12: -50.46 | N12: 2024 HOUSE / prior substitute
A13: AR-02 | B13: -6.9580952 | C13: -6.6 | D13: 69.1 | E13: 2.6 | F13: 20.6 | G13: 1.4 | H13: 6.3 | I13: 32.5 | J13: 45.044667 | K13: R | L13: 2024 HOUSE / prior substitute | M13: -17.86 | N13: 2024 HOUSE / prior substitute
A14: AR-03 | B14: -23.054684 | C14: -22.26 | D14: 71.6 | E14: 9.1 | F14: 3.4 | G14: 2.6 | H14: 13.3 | I14: 31.1 | J14: 47.138 | K14: R | L14: 2024 HOUSE / prior substitute | M14: -33.52 | N14: 2024 HOUSE / prior substitute
A15: AR-04 | B15: -34.156733 | C15: -34.56 | D15: 69.6 | E15: 3.5 | F15: 20.4 | G15: 0.7 | H15: 5.8 | I15: 18 | J15: 41.011667 | K15: R | L15: 2024 HOUSE / prior substitute | M15: -45.82 | N15: 2024 HOUSE / prior substitute
... A438: WY-AL | B438: -36.519947 | C438: -35.37 | D438: 83.8 | E438: 7.6 | F438: 1 | G438: 0.9 | H438: 6.7 | I438: 29 | J438: 48.347333 | K438: R | L438: 2024 PRESIDENT (open seat) | M438: -46.22 | N438: 2024 PRESIDENT (open seat)

Sheet SENATE DATA
A1: Senate model data and baselines | O1: INDEPENDENT SENATE SCENARIO | P1: Margin points
A2: Historical margins in M:N are from the source election-model files; B is the initial 2026 forecast. | O2: Osborn vs Fischer, NE 2024 | P2: -6.67
A3: Contest | B3: Original margin | C3: Pre-demo margin | D3: White % | E3: Hispanic % | F3: Black % | G3: Asian % | H3: Other % | I3: BA+ % | J3: High income PROXY % | K3: Previous holder / reference | L3: Baseline used | M3: Historical election D−R (pp) | N3: Historical election / proxy | O3: Independent bonus vs Harris | P3: =P2-P4 -> 13.9
A4: Alabama | B4: -20.096479 | C4: -20.3 | D4: 65.542857 | E4: 2.3 | F4: 26.5 | G4: 1.1857143 | H4: 4.4714286 | I4: 27.185714 | J4: 44.648973 | K4: R | L4: 2024 PRESIDENTIAL | M4: -30.47 | N4: 2024 PRESIDENTIAL | O4: Harris vs Trump, NE 2024 | P4: -20.57
A5: Alaska | B5: -0.37847584 | C5: 1.3 | D5: 61.5 | E5: 6.2 | F5: 3.9 | G5: 5.9 | H5: 22.5 | I5: 30.7 | J5: 52.92983 | K5: R | L5: 2020 PRES + 2024 HOUSE (50/50) | M5: 1.3 | N5: 2020 PRES + 2024 HOUSE (50/50) | O5: Method | P5: Osborn margin minus Harris margin
A6: Arkansas | B6: -20.222228 | C6: -20.47 | D6: 71.525 | E6: 4.325 | F6: 15.275 | G6: 1.3 | H6: 7.575 | I6: 24.8 | J6: 43.35473 | K6: R | L6: 2024 PRESIDENTIAL | M6: -30.64 | N6: 2024 PRESIDENTIAL | O6: Applies to | P6: Idaho and South Dakota; scenario assumption
A7: Colorado | B7: 11.952218 | C7: 13.55 | D7: 68.5625 | E7: 16.825 | F7: 4.4625 | G7: 3.2125 | H7: 6.9375 | I7: 43.6125 | J7: 53.51408 | K7: D | L7: 2020 SENATE | M7: 9.3 | N7: 2020 SENATE | O7: Historical baseline | P7: 2020 incumbent Senate margin (D−R)
A8: Delaware | B8: 24.645629 | C8: 25.75 | D8: 62.4 | E8: 6.1 | F8: 22.3 | G8: 3.1 | H8: 6.1 | I8: 34.5 | J8: 51.14573 | K8: D | L8: 2020 SENATE | M8: 21.5 | N8: 2020 SENATE | O8: 2020 baseline national adjustment | P8: 4.25
A9: Florida | B9: -2.0662831 | C9: -2.93 | D9: 54.414286 | E9: 22.771429 | F9: 15.35 | G9: 2.7035714 | H9: 4.7607143 | I9: 32.296429 | J9: 47.412487 | K9: R | L9: 2024 PRESIDENTIAL | M9: -13.1 | N9: 2024 PRESIDENTIAL
A10: Georgia | B10: 5.5586341 | C10: 5.4751 | D10: 52.8 | E10: 5.7285714 | F10: 32.992857 | G10: 3.5214286 | H10: 4.9571429 | I10: 33.528571 | J10: 48.822058 | K10: D | L10: 2021 SENATE RUNOFF | M10: 1.2251 | N10: 2021 SENATE RUNOFF
A11: Idaho | B11: =C11 -> -25.15 | C11: =M11+$P$8 -> -25.15 | D11: 81.5 | E11: 8.85 | F11: 0.8 | G11: 1.65 | H11: 7.2 | I11: 30.25 | J11: 48.32933 | K11: R | L11: 2020 SENATE | M11: -29.4 | N11: 2020 SENATE
A12: Illinois | B12: 20.786307 | C12: 21.07 | D12: 61.158824 | E12: 13.435294 | F12: 14.758824 | G12: 5.0470588 | H12: 5.6 | I12: 36.452941 | J12: 49.986971 | K12: D | L12: 2024 PRESIDENTIAL | M12: 10.9 | N12: 2024 PRESIDENTIAL
A13: Iowa | B13: -4.2738161 | C13: -3.04 | D13: 85.45 | E13: 3.975 | F13: 3.5 | G13: 1.875 | H13: 5.2 | I13: 30.25 | J13: 47.41538 | K13: R | L13: 2024 PRESIDENTIAL | M13: -13.21 | N13: 2024 PRESIDENTIAL
A14: Kansas | B14: -7.9011664 | C14: -7.15 | D14: 75.55 | E14: 7.85 | F14: 6.225 | G14: 2.575 | H14: 7.8 | I14: 34.5 | J14: 47.40713 | K14: R | L14: 2020 SENATE | M14: -11.4 | N14: 2020 SENATE
A15: Kentucky | B15: -20.951572 | C15: -20.36 | D15: 83.466667 | E15: 2.0666667 | F15: 8.4 | G15: 1.1666667 | H15: 4.9 | I15: 26.533333 | J15: 44.52608 | K15: R | L15: 2024 PRESIDENTIAL | M15: -30.53 | N15: 2024 PRESIDENTIAL
A16: Louisiana | B16: -11.042814 | C16: -11.84 | D16: 58.35 | E16: 3.3666667 | F16: 31.933333 | G16: 1.5333333 | H16: 4.8166667 | I16: 26.1 | J16: 43.32178 | K16: R | L16: 2024 PRESIDENTIAL | M16: -22.01 | N16: 2024 PRESIDENTIAL
A17: Maine | B17: 1.3743931 | C17: 3.0917647 | D17: 91.65 | E17: 1.5 | F17: 1.2 | G17: 1.25 | H17: 4.4 | I17: 34.1 | J17: 47.58563 | K17: R | L17: 2020 SENATE | M17: -8.5 | N17: 2020 SENATE
A18: Massachusetts | B18: 33.791055 | C18: 35.758824 | D18: 70.555556 | E18: 9.3222222 | F18: 7.1333333 | G18: 5.6222222 | H18: 7.3666667 | I18: 45.911111 | J18: 55.16503 | K18: D | L18: 2020 SENATE | M18: 32.3 | N18: 2020 SENATE
A19: Michigan | B19: 8.1077774 | C19: 8.75 | D19: 74.769231 | E19: 3.8538462 | F19: 14.392308 | G19: 2.5615385 | H19: 4.4230769 | I19: 31.161538 | J19: 46.990591 | K19: D | L19: 2024 PRESIDENTIAL | M19: -1.42 | N19: 2024 PRESIDENTIAL
A20: Minnesota | B20: 12.401651 | C20: 14.41 | D20: 80.05 | E20: 3.4375 | F20: 5.8375 | G20: 4.3 | H20: 6.375 | I20: 38.1875 | J20: 51.686667 | K20: D | L20: 2024 PRESIDENTIAL | M20: 4.24 | N20: 2024 PRESIDENTIAL
A21: Mississippi | B21: -4.7078959 | C21: -5.75 | D21: 57.75 | E21: 1.925 | F21: 37.075 | G21: 0.9 | H21: 2.35 | I21: 23.875 | J21: 42.32393 | K21: R | L21: 2020 SENATE | M21: -10 | N21: 2020 SENATE
A22: Montana | B22: -11.182962 | C22: -9.76 | D22: 85.55 | E22: 3.3 | F22: 0.65 | G22: 0.95 | H22: 9.55 | I22: 33.95 | J22: 46.87523 | K22: R | L22: 2024 PRESIDENTIAL | M22: -19.93 | N22: 2024 PRESIDENTIAL
A23: Nebraska | B23: 2.4381446 | C23: 3.495312 | D23: 79.166667 | E23: 6.9333333 | F23: 4.8 | G23: 2 | H23: 7.1 | I23: 33.566667 | J23: 47.82903 | K23: R | L23: 2024 SENATE (returning challenger) | M23: -6.674688 | N23: 2024 SENATE (returning challenger)
... A32: South Carolina | B32: -7.6618332 | C32: -7.7 | D32: 64.914286 | E32: 3.3428571 | F32: 26.4 | G32: 1.5142857 | H32: 3.8285714 | I32: 30.657143 | J32: 45.759701 | K32: R | L32: 2024 PRESIDENTIAL | M32: -17.87 | N32: 2024 PRESIDENTIAL
A33: South Dakota | B33: =C33 -> -27.15 | C33: =M33+$P$8 -> -27.15 | D33: 83.1 | E33: 2.7 | F33: 1.7 | G33: 1.1 | H33: 11.4 | I33: 30.4 | J33: 47.41193 | K33: R | L33: 2020 SENATE | M33: -31.4 | N33: 2020 SENATE
A34: Tennessee | B34: -23.229333 | C34: -22.75 | D34: 0 | E34: 0 | F34: 0 | G34: 0 | H34: 100 | I34: 34.383594 | J34: 50 | K34: R | L34: 2020 SENATE | M34: -27 | N34: 2020 SENATE
A35: Texas | B35: -1.8979568 | C35: -3.51 | D35: 0 | E35: 0 | F35: 0 | G35: 0 | H35: 100 | I35: 34.383594 | J35: 50 | K35: R | L35: 2024 PRESIDENTIAL | M35: -13.68 | N35: 2024 PRESIDENTIAL
A36: Virginia | B36: 16.045169 | C36: 16.752941 | D36: 61.172727 | E36: 6.5272727 | F36: 20.045455 | G36: 6.5181818 | H36: 5.7363636 | I36: 40.990909 | J36: 54.544539 | K36: D | L36: 2020 SENATE | M36: 12.1 | N36: 2020 SENATE
A37: West Virginia | B37: -50.141735 | C37: -49.723529 | D37: 90.25 | E37: 1.35 | F37: 4.05 | G37: 0.75 | H37: 3.6 | I37: 22.75 | J37: 42.90083 | K37: R | L37: 2020 SENATE | M37: -43.3 | N37: 2020 SENATE
A38: Wyoming | B38: -36.739947 | C38: -35.59 | D38: 83.8 | E38: 7.6 | F38: 1 | G38: 0.9 | H38: 6.7 | I38: 29 | J38: 47.50613 | K38: R | L38: 2024 PRESIDENTIAL | M38: -45.76 | N38: 2024 PRESIDENTIAL

Sheet GOVERNOR DATA
A1: Governor model data and baselines
A2: Historical margins in M:N are from the source election-model files; B is the initial 2026 forecast.
A3: Contest | B3: Original margin | C3: Pre-demo margin | D3: White % | E3: Hispanic % | F3: Black % | G3: Asian % | H3: Other % | I3: BA+ % | J3: High income PROXY % | K3: Previous holder / reference | L3: Baseline used | M3: Historical election D−R (pp) | N3: Historical election / proxy | P3: OFF-CYCLE GOVERNORSHIPS | Q3: Party | R3: Last election
A4: Alabama | B4: -20.116479 | C4: -20.32 | D4: 65.542857 | E4: 2.3 | F4: 26.5 | G4: 1.1857143 | H4: 4.4714286 | I4: 27.185714 | J4: 45.172714 | K4: R | L4: 2024 President (2024) | M4: -30.5 | N4: 2024 President (2024) | P4: Delaware | Q4: D | R4: 2024
A5: Alaska | B5: -4.5984758 | C5: -2.92 | D5: 61.5 | E5: 6.2 | F5: 3.9 | G5: 5.9 | H5: 22.5 | I5: 30.7 | J5: 54.373667 | K5: R | L5: 2024 President (2024) | M5: -13.1 | N5: 2024 President (2024) | P5: Indiana | Q5: R | R5: 2024
A6: Arizona | B6: 12.649439 | C6: 12.17 | D6: 57.588889 | E6: 25.633333 | F6: 5.2888889 | G6: 3.2222222 | H6: 8.2666667 | I6: 31.422222 | J6: 49.96837 | K6: D | L6: Prior Governor (2022) | M6: 0.67 | N6: Prior Governor (2022) | P6: Missouri | Q6: R | R6: 2024
A7: Arkansas | B7: -16.052228 | C7: -16.3 | D7: 71.525 | E7: 4.325 | F7: 15.275 | G7: 1.3 | H7: 7.575 | I7: 24.8 | J7: 43.734667 | K7: R | L7: Prior Governor (2022) | M7: -27.8 | N7: Prior Governor (2022) | P7: Montana | Q7: R | R7: 2024
A8: California | B8: 31.899894 | C8: 30.28 | D8: 37.528846 | E8: 32.792308 | F8: 7.2576923 | G8: 15.384615 | H8: 7.0365385 | I8: 35.215385 | J8: 56.583237 | K8: D | L8: 2024 President (2024) | M8: 20.1 | N8: 2024 President (2024) | P8: North Carolina | Q8: D | R8: 2024
A9: Colorado | B9: 19.582218 | C9: 21.18 | D9: 68.5625 | E9: 16.825 | F9: 4.4625 | G9: 3.2125 | H9: 6.9375 | I9: 43.6125 | J9: 55.022833 | K9: D | L9: 2024 President (2024) | M9: 11 | N9: 2024 President (2024) | P9: North Dakota | Q9: R | R9: 2024
A10: Connecticut | B10: 22.889764 | C10: 24.4 | D10: 66.62 | E10: 13.24 | F10: 10.56 | G10: 3.76 | H10: 5.82 | I10: 41.44 | J10: 55.010467 | K10: D | L10: Prior Governor (2022) | M10: 12.9 | N10: Prior Governor (2022) | P10: Utah | Q10: R | R10: 2024
A11: Florida | B11: -2.0562831 | C11: -2.92 | D11: 54.414286 | E11: 22.771429 | F11: 15.35 | G11: 2.7035714 | H11: 4.7607143 | I11: 32.296429 | J11: 48.243286 | K11: R | L11: 2024 President (2024) | M11: -13.1 | N11: 2024 President (2024) | P11: Washington | Q11: D | R11: 2024
A12: Georgia | B12: 8.0635341 | C12: 7.98 | D12: 52.8 | E12: 5.7285714 | F12: 32.992857 | G12: 3.5214286 | H12: 4.9571429 | I12: 33.528571 | J12: 49.809476 | K12: D | L12: 2024 President (2024) | M12: -2.2 | N12: 2024 President (2024) | P12: West Virginia | Q12: R | R12: 2024
A13: Hawaii | B13: 41.044565 | C13: 37.9 | D13: 23.95 | E13: 9.05 | F13: 2.45 | G13: 42.1 | H13: 22.45 | I13: 34.65 | J13: 55.9 | K13: D | L13: Prior Governor (2022) | M13: 26.4 | N13: Prior Governor (2022) | P13: New Jersey | Q13: D | R13: 2025
A14: Idaho | B14: -29.891132 | C14: -28.7 | D14: 81.5 | E14: 8.85 | F14: 0.8 | G14: 1.65 | H14: 7.2 | I14: 30.25 | J14: 49.262 | K14: R | L14: Prior Governor (2022) | M14: -40.2 | N14: Prior Governor (2022) | P14: Virginia | Q14: D | R14: 2025
A15: Illinois | B15: 23.716307 | C15: 24 | D15: 61.158824 | E15: 13.435294 | F15: 14.758824 | G15: 5.0470588 | H15: 5.6 | I15: 36.452941 | J15: 51.103824 | K15: D | L15: Prior Governor (2022) | M15: 12.5 | N15: Prior Governor (2022) | P15: Kentucky | Q15: D | R15: 2023
... A17: Kansas | B17: -6.6711664 | C17: -5.92 | D17: 75.55 | E17: 7.85 | F17: 6.225 | G17: 2.575 | H17: 7.8 | I17: 34.5 | J17: 48.237333 | K17: R | L17: 2024 President (2024) | M17: -16.1 | N17: 2024 President (2024) | P17: Mississippi | Q17: R | R17: 2023
A18: Maine | B18: 15.362628 | C18: 17.08 | D18: 91.65 | E18: 1.5 | F18: 1.2 | G18: 1.25 | H18: 4.4 | I18: 34.1 | J18: 48.435667 | K18: D | L18: 2024 President (2024) | M18: 6.9 | N18: 2024 President (2024)
A19: Maryland | B19: 42.944996 | C19: 43.9 | D19: 49.875 | E19: 6.35 | F19: 32.05 | G19: 6.0125 | H19: 5.7125 | I19: 42.2125 | J19: 57.674458 | K19: D | L19: Prior Governor (2022) | M19: 32.4 | N19: Prior Governor (2022)
A20: Massachusetts | B20: 38.632231 | C20: 40.6 | D20: 70.555556 | E20: 9.3222222 | F20: 7.1333333 | G20: 5.6222222 | H20: 7.3666667 | I20: 45.911111 | J20: 56.857222 | K20: D | L20: Prior Governor (2022) | M20: 29.1 | N20: Prior Governor (2022)
A21: Michigan | B21: 8.1377774 | C21: 8.78 | D21: 74.769231 | E21: 3.8538462 | F21: 14.392308 | G21: 2.5615385 | H21: 4.4230769 | I21: 31.161538 | J21: 47.774513 | K21: D | L21: 2024 President (2024) | M21: -1.4 | N21: 2024 President (2024)
A22: Minnesota | B22: 12.371651 | C22: 14.38 | D22: 80.05 | E22: 3.4375 | F22: 5.8375 | G22: 4.3 | H22: 6.375 | I22: 38.1875 | J22: 52.992375 | K22: D | L22: 2024 President (2024) | M22: 4.2 | N22: 2024 President (2024)
A23: Nebraska | B23: -12.957167 | C23: -11.9 | D23: 79.166667 | E23: 6.9333333 | F23: 4.8 | G23: 2 | H23: 7.1 | I23: 33.566667 | J23: 48.706111 | K23: R | L23: Prior Governor (2022) | M23: -23.4 | N23: Prior Governor (2022)
A24: Nevada | B24: 11.319149 | C24: 10 | D24: 49.85 | E24: 21.25 | F24: 10.625 | G24: 9.075 | H24: 9.2 | I24: 26.4 | J24: 49.113 | K24: D | L24: Prior Governor (2022) | M24: -1.5 | N24: Prior Governor (2022)
A25: New Hampshire | B25: -2.1882276 | C25: 0.84 | D25: 88.85 | E25: 3.05 | F25: 1.5 | G25: 2.4 | H25: 4.2 | I25: 39.05 | J25: 54.984333 | K25: R | L25: Prior Governor (2024) | M25: -9.34 | N25: Prior Governor (2024)
A26: New Mexico | B26: 19.210568 | C26: 16.18 | D26: 40.366667 | E26: 44.233333 | F26: 2.3 | G26: 1.4666667 | H26: 11.633333 | I26: 28.8 | J26: 44.879889 | K26: D | L26: 2024 President (2024) | M26: 6 | N26: 2024 President (2024)
A27: New York | B27: 18.152879 | C27: 17.9 | D27: 54.330769 | E27: 16.388462 | F27: 15.692308 | G27: 7.9769231 | H27: 5.6115385 | I27: 38.646154 | J27: 53.216051 | K27: D | L27: Prior Governor (2022) | M27: 6.4 | N27: Prior Governor (2022)
A28: Ohio | B28: -1.7367621 | C28: -1.02 | D28: 78.413333 | E28: 2.92 | F28: 12.72 | G28: 1.86 | H28: 4.0866667 | I28: 30.433333 | J28: 47.232756 | K28: R | L28: 2024 President (2024) | M28: -11.2 | N28: 2024 President (2024)
A29: Oklahoma | B29: -23.976921 | C29: -24.12 | D29: 65.2 | E29: 6.78 | F29: 8.22 | G29: 2.08 | H29: 17.72 | I29: 27.26 | J29: 44.998267 | K29: R | L29: 2024 President (2024) | M29: -34.3 | N29: 2024 President (2024)
... A39: Wyoming | B39: -36.769947 | C39: -35.62 | D39: 83.8 | E39: 7.6 | F39: 1 | G39: 0.9 | H39: 6.7 | I39: 29 | J39: 48.347333 | K39: R | L39: 2024 President (2024) | M39: -45.8 | N39: 2024 President (2024)

Sheet CLOSE RACES
A1: 2026 race rankings — updated from the three dashboards
A2: These are deterministic scenario margins, not probabilities. Change inputs on a dashboard to update this list.
A5: HOUSE — 25 closest districts
A6: Closeness rank | B6: Contest | C6: Scenario margin | D6: Projected party | E6: Reference holder | F6: Flip | G6: Abs. margin
A7: =1 -> 1 | B7: =INDEX('HOUSE DASHBOARD'!$A$31:$A$465,MATCH(A7,'HOUSE DASHBOARD'!$O$31:$O$465,0)) -> OH-07 | C7: =INDEX('HOUSE DASHBOARD'!$H$31:$H$465,MATCH(A7,'HOUSE DASHBOARD'!$O$31:$O$465,0)) -> -0.12870968 | D7: =INDEX('HOUSE DASHBOARD'!$I$31:$I$465,MATCH(A7,'HOUSE DASHBOARD'!$O$31:$O$465,0)) -> R | E7: =INDEX('HOUSE DASHBOARD'!$J$31:$J$465,MATCH(A7,'HOUSE DASHBOARD'!$O$31:$O$465,0)) -> R | F7: =INDEX('HOUSE DASHBOARD'!$K$31:$K$465,MATCH(A7,'HOUSE DASHBOARD'!$O$31:$O$465,0)) -> — | G7: =INDEX('HOUSE DASHBOARD'!$N$31:$N$465,MATCH(A7,'HOUSE DASHBOARD'!$O$31:$O$465,0)) -> 0.12870968
A8: =2 -> 2 | B8: =INDEX('HOUSE DASHBOARD'!$A$31:$A$465,MATCH(A8,'HOUSE DASHBOARD'!$O$31:$O$465,0)) -> FL-04 | C8: =INDEX('HOUSE DASHBOARD'!$H$31:$H$465,MATCH(A8,'HOUSE DASHBOARD'!$O$31:$O$465,0)) -> -0.15111111 | D8: =INDEX('HOUSE DASHBOARD'!$I$31:$I$465,MATCH(A8,'HOUSE DASHBOARD'!$O$31:$O$465,0)) -> R | E8: =INDEX('HOUSE DASHBOARD'!$J$31:$J$465,MATCH(A8,'HOUSE DASHBOARD'!$O$31:$O$465,0)) -> R | F8: =INDEX('HOUSE DASHBOARD'!$K$31:$K$465,MATCH(A8,'HOUSE DASHBOARD'!$O$31:$O$465,0)) -> — | G8: =INDEX('HOUSE DASHBOARD'!$N$31:$N$465,MATCH(A8,'HOUSE DASHBOARD'!$O$31:$O$465,0)) -> 0.15111111
A9: =3 -> 3 | B9: =INDEX('HOUSE DASHBOARD'!$A$31:$A$465,MATCH(A9,'HOUSE DASHBOARD'!$O$31:$O$465,0)) -> FL-14 | C9: =INDEX('HOUSE DASHBOARD'!$H$31:$H$465,MATCH(A9,'HOUSE DASHBOARD'!$O$31:$O$465,0)) -> -0.15111111 | D9: =INDEX('HOUSE DASHBOARD'!$I$31:$I$465,MATCH(A9,'HOUSE DASHBOARD'!$O$31:$O$465,0)) -> R | E9: =INDEX('HOUSE DASHBOARD'!$J$31:$J$465,MATCH(A9,'HOUSE DASHBOARD'!$O$31:$O$465,0)) -> D | F9: =INDEX('HOUSE DASHBOARD'!$K$31:$K$465,MATCH(A9,'HOUSE DASHBOARD'!$O$31:$O$465,0)) -> D → R | G9: =INDEX('HOUSE DASHBOARD'!$N$31:$N$465,MATCH(A9,'HOUSE DASHBOARD'!$O$31:$O$465,0)) -> 0.15111111
A10: =4 -> 4 | B10: =INDEX('HOUSE DASHBOARD'!$A$31:$A$465,MATCH(A10,'HOUSE DASHBOARD'!$O$31:$O$465,0)) -> FL-22 | C10: =INDEX('HOUSE DASHBOARD'!$H$31:$H$465,MATCH(A10,'HOUSE DASHBOARD'!$O$31:$O$465,0)) -> -0.15111111 | D10: =INDEX('HOUSE DASHBOARD'!$I$31:$I$465,MATCH(A10,'HOUSE DASHBOARD'!$O$31:$O$465,0)) -> R | E10: =INDEX('HOUSE DASHBOARD'!$J$31:$J$465,MATCH(A10,'HOUSE DASHBOARD'!$O$31:$O$465,0)) -> D | F10: =INDEX('HOUSE DASHBOARD'!$K$31:$K$465,MATCH(A10,'HOUSE DASHBOARD'!$O$31:$O$465,0)) -> D → R | G10: =INDEX('HOUSE DASHBOARD'!$N$31:$N$465,MATCH(A10,'HOUSE DASHBOARD'!$O$31:$O$465,0)) -> 0.15111111
A11: =5 -> 5 | B11: =INDEX('HOUSE DASHBOARD'!$A$31:$A$465,MATCH(A11,'HOUSE DASHBOARD'!$O$31:$O$465,0)) -> NY-01 | C11: =INDEX('HOUSE DASHBOARD'!$H$31:$H$465,MATCH(A11,'HOUSE DASHBOARD'!$O$31:$O$465,0)) -> 0.52 | D11: =INDEX('HOUSE DASHBOARD'!$I$31:$I$465,MATCH(A11,'HOUSE DASHBOARD'!$O$31:$O$465,0)) -> D | E11: =INDEX('HOUSE DASHBOARD'!$J$31:$J$465,MATCH(A11,'HOUSE DASHBOARD'!$O$31:$O$465,0)) -> R | F11: =INDEX('HOUSE DASHBOARD'!$K$31:$K$465,MATCH(A11,'HOUSE DASHBOARD'!$O$31:$O$465,0)) -> R → D | G11: =INDEX('HOUSE DASHBOARD'!$N$31:$N$465,MATCH(A11,'HOUSE DASHBOARD'!$O$31:$O$465,0)) -> 0.52
A12: =6 -> 6 | B12: =INDEX('HOUSE DASHBOARD'!$A$31:$A$465,MATCH(A12,'HOUSE DASHBOARD'!$O$31:$O$465,0)) -> WI-01 | C12: =INDEX('HOUSE DASHBOARD'!$H$31:$H$465,MATCH(A12,'HOUSE DASHBOARD'!$O$31:$O$465,0)) -> 0.54 | D12: =INDEX('HOUSE DASHBOARD'!$I$31:$I$465,MATCH(A12,'HOUSE DASHBOARD'!$O$31:$O$465,0)) -> D | E12: =INDEX('HOUSE DASHBOARD'!$J$31:$J$465,MATCH(A12,'HOUSE DASHBOARD'!$O$31:$O$465,0)) -> R | F12: =INDEX('HOUSE DASHBOARD'!$K$31:$K$465,MATCH(A12,'HOUSE DASHBOARD'!$O$31:$O$465,0)) -> R → D | G12: =INDEX('HOUSE DASHBOARD'!$N$31:$N$465,MATCH(A12,'HOUSE DASHBOARD'!$O$31:$O$465,0)) -> 0.54
A13: =7 -> 7 | B13: =INDEX('HOUSE DASHBOARD'!$A$31:$A$465,MATCH(A13,'HOUSE DASHBOARD'!$O$31:$O$465,0)) -> IA-02 | C13: =INDEX('HOUSE DASHBOARD'!$H$31:$H$465,MATCH(A13,'HOUSE DASHBOARD'!$O$31:$O$465,0)) -> 0.56 | D13: =INDEX('HOUSE DASHBOARD'!$I$31:$I$465,MATCH(A13,'HOUSE DASHBOARD'!$O$31:$O$465,0)) -> D | E13: =INDEX('HOUSE DASHBOARD'!$J$31:$J$465,MATCH(A13,'HOUSE DASHBOARD'!$O$31:$O$465,0)) -> R | F13: =INDEX('HOUSE DASHBOARD'!$K$31:$K$465,MATCH(A13,'HOUSE DASHBOARD'!$O$31:$O$465,0)) -> R → D | G13: =INDEX('HOUSE DASHBOARD'!$N$31:$N$465,MATCH(A13,'HOUSE DASHBOARD'!$O$31:$O$465,0)) -> 0.56
A14: =8 -> 8 | B14: =INDEX('HOUSE DASHBOARD'!$A$31:$A$465,MATCH(A14,'HOUSE DASHBOARD'!$O$31:$O$465,0)) -> NC-01 | C14: =INDEX('HOUSE DASHBOARD'!$H$31:$H$465,MATCH(A14,'HOUSE DASHBOARD'!$O$31:$O$465,0)) -> -0.75717172 | D14: =INDEX('HOUSE DASHBOARD'!$I$31:$I$465,MATCH(A14,'HOUSE DASHBOARD'!$O$31:$O$465,0)) -> R | E14: =INDEX('HOUSE DASHBOARD'!$J$31:$J$465,MATCH(A14,'HOUSE DASHBOARD'!$O$31:$O$465,0)) -> D | F14: =INDEX('HOUSE DASHBOARD'!$K$31:$K$465,MATCH(A14,'HOUSE DASHBOARD'!$O$31:$O$465,0)) -> D → R | G14: =INDEX('HOUSE DASHBOARD'!$N$31:$N$465,MATCH(A14,'HOUSE DASHBOARD'!$O$31:$O$465,0)) -> 0.75717172
A15: =9 -> 9 | B15: =INDEX('HOUSE DASHBOARD'!$A$31:$A$465,MATCH(A15,'HOUSE DASHBOARD'!$O$31:$O$465,0)) -> MI-04 | C15: =INDEX('HOUSE DASHBOARD'!$H$31:$H$465,MATCH(A15,'HOUSE DASHBOARD'!$O$31:$O$465,0)) -> -0.94 | D15: =INDEX('HOUSE DASHBOARD'!$I$31:$I$465,MATCH(A15,'HOUSE DASHBOARD'!$O$31:$O$465,0)) -> R | E15: =INDEX('HOUSE DASHBOARD'!$J$31:$J$465,MATCH(A15,'HOUSE DASHBOARD'!$O$31:$O$465,0)) -> R | F15: =INDEX('HOUSE DASHBOARD'!$K$31:$K$465,MATCH(A15,'HOUSE DASHBOARD'!$O$31:$O$465,0)) -> — | G15: =INDEX('HOUSE DASHBOARD'!$N$31:$N$465,MATCH(A15,'HOUSE DASHBOARD'!$O$31:$O$465,0)) -> 0.94
A16: =10 -> 10 | B16: =INDEX('HOUSE DASHBOARD'!$A$31:$A$465,MATCH(A16,'HOUSE DASHBOARD'!$O$31:$O$465,0)) -> MT-01 | C16: =INDEX('HOUSE DASHBOARD'!$H$31:$H$465,MATCH(A16,'HOUSE DASHBOARD'!$O$31:$O$465,0)) -> -1 | D16: =INDEX('HOUSE DASHBOARD'!$I$31:$I$465,MATCH(A16,'HOUSE DASHBOARD'!$O$31:$O$465,0)) -> R | E16: =INDEX('HOUSE DASHBOARD'!$J$31:$J$465,MATCH(A16,'HOUSE DASHBOARD'!$O$31:$O$465,0)) -> R | F16: =INDEX('HOUSE DASHBOARD'!$K$31:$K$465,MATCH(A16,'HOUSE DASHBOARD'!$O$31:$O$465,0)) -> — | G16: =INDEX('HOUSE DASHBOARD'!$N$31:$N$465,MATCH(A16,'HOUSE DASHBOARD'!$O$31:$O$465,0)) -> 1
A17: =11 -> 11 | B17: =INDEX('HOUSE DASHBOARD'!$A$31:$A$465,MATCH(A17,'HOUSE DASHBOARD'!$O$31:$O$465,0)) -> NC-11 | C17: =INDEX('HOUSE DASHBOARD'!$H$31:$H$465,MATCH(A17,'HOUSE DASHBOARD'!$O$31:$O$465,0)) -> 1.05 | D17: =INDEX('HOUSE DASHBOARD'!$I$31:$I$465,MATCH(A17,'HOUSE DASHBOARD'!$O$31:$O$465,0)) -> D | E17: =INDEX('HOUSE DASHBOARD'!$J$31:$J$465,MATCH(A17,'HOUSE DASHBOARD'!$O$31:$O$465,0)) -> R | F17: =INDEX('HOUSE DASHBOARD'!$K$31:$K$465,MATCH(A17,'HOUSE DASHBOARD'!$O$31:$O$465,0)) -> R → D | G17: =INDEX('HOUSE DASHBOARD'!$N$31:$N$465,MATCH(A17,'HOUSE DASHBOARD'!$O$31:$O$465,0)) -> 1.05
A18: =12 -> 12 | B18: =INDEX('HOUSE DASHBOARD'!$A$31:$A$465,MATCH(A18,'HOUSE DASHBOARD'!$O$31:$O$465,0)) -> CO-04 | C18: =INDEX('HOUSE DASHBOARD'!$H$31:$H$465,MATCH(A18,'HOUSE DASHBOARD'!$O$31:$O$465,0)) -> -1.16 | D18: =INDEX('HOUSE DASHBOARD'!$I$31:$I$465,MATCH(A18,'HOUSE DASHBOARD'!$O$31:$O$465,0)) -> R | E18: =INDEX('HOUSE DASHBOARD'!$J$31:$J$465,MATCH(A18,'HOUSE DASHBOARD'!$O$31:$O$465,0)) -> R | F18: =INDEX('HOUSE DASHBOARD'!$K$31:$K$465,MATCH(A18,'HOUSE DASHBOARD'!$O$31:$O$465,0)) -> — | G18: =INDEX('HOUSE DASHBOARD'!$N$31:$N$465,MATCH(A18,'HOUSE DASHBOARD'!$O$31:$O$465,0)) -> 1.16
A19: =13 -> 13 | B19: =INDEX('HOUSE DASHBOARD'!$A$31:$A$465,MATCH(A19,'HOUSE DASHBOARD'!$O$31:$O$465,0)) -> MO-02 | C19: =INDEX('HOUSE DASHBOARD'!$H$31:$H$465,MATCH(A19,'HOUSE DASHBOARD'!$O$31:$O$465,0)) -> -1.4 | D19: =INDEX('HOUSE DASHBOARD'!$I$31:$I$465,MATCH(A19,'HOUSE DASHBOARD'!$O$31:$O$465,0)) -> R | E19: =INDEX('HOUSE DASHBOARD'!$J$31:$J$465,MATCH(A19,'HOUSE DASHBOARD'!$O$31:$O$465,0)) -> R | F19: =INDEX('HOUSE DASHBOARD'!$K$31:$K$465,MATCH(A19,'HOUSE DASHBOARD'!$O$31:$O$465,0)) -> — | G19: =INDEX('HOUSE DASHBOARD'!$N$31:$N$465,MATCH(A19,'HOUSE DASHBOARD'!$O$31:$O$465,0)) -> 1.4
A20: =14 -> 14 | B20: =INDEX('HOUSE DASHBOARD'!$A$31:$A$465,MATCH(A20,'HOUSE DASHBOARD'!$O$31:$O$465,0)) -> ME-02 | C20: =INDEX('HOUSE DASHBOARD'!$H$31:$H$465,MATCH(A20,'HOUSE DASHBOARD'!$O$31:$O$465,0)) -> 1.5 | D20: =INDEX('HOUSE DASHBOARD'!$I$31:$I$465,MATCH(A20,'HOUSE DASHBOARD'!$O$31:$O$465,0)) -> D | E20: =INDEX('HOUSE DASHBOARD'!$J$31:$J$465,MATCH(A20,'HOUSE DASHBOARD'!$O$31:$O$465,0)) -> D | F20: =INDEX('HOUSE DASHBOARD'!$K$31:$K$465,MATCH(A20,'HOUSE DASHBOARD'!$O$31:$O$465,0)) -> — | G20: =INDEX('HOUSE DASHBOARD'!$N$31:$N$465,MATCH(A20,'HOUSE DASHBOARD'!$O$31:$O$465,0)) -> 1.5
A21: =15 -> 15 | B21: =INDEX('HOUSE DASHBOARD'!$A$31:$A$465,MATCH(A21,'HOUSE DASHBOARD'!$O$31:$O$465,0)) -> PA-01 | C21: =INDEX('HOUSE DASHBOARD'!$H$31:$H$465,MATCH(A21,'HOUSE DASHBOARD'!$O$31:$O$465,0)) -> -1.84 | D21: =INDEX('HOUSE DASHBOARD'!$I$31:$I$465,MATCH(A21,'HOUSE DASHBOARD'!$O$31:$O$465,0)) -> R | E21: =INDEX('HOUSE DASHBOARD'!$J$31:$J$465,MATCH(A21,'HOUSE DASHBOARD'!$O$31:$O$465,0)) -> R | F21: =INDEX('HOUSE DASHBOARD'!$K$31:$K$465,MATCH(A21,'HOUSE DASHBOARD'!$O$31:$O$465,0)) -> — | G21: =INDEX('HOUSE DASHBOARD'!$N$31:$N$465,MATCH(A21,'HOUSE DASHBOARD'!$O$31:$O$465,0)) -> 1.84
A22: =16 -> 16 | B22: =INDEX('HOUSE DASHBOARD'!$A$31:$A$465,MATCH(A22,'HOUSE DASHBOARD'!$O$31:$O$465,0)) -> VA-01 | C22: =INDEX('HOUSE DASHBOARD'!$H$31:$H$465,MATCH(A22,'HOUSE DASHBOARD'!$O$31:$O$465,0)) -> -1.84 | D22: =INDEX('HOUSE DASHBOARD'!$I$31:$I$465,MATCH(A22,'HOUSE DASHBOARD'!$O$31:$O$465,0)) -> R | E22: =INDEX('HOUSE DASHBOARD'!$J$31:$J$465,MATCH(A22,'HOUSE DASHBOARD'!$O$31:$O$465,0)) -> R | F22: =INDEX('HOUSE DASHBOARD'!$K$31:$K$465,MATCH(A22,'HOUSE DASHBOARD'!$O$31:$O$465,0)) -> — | G22: =INDEX('HOUSE DASHBOARD'!$N$31:$N$465,MATCH(A22,'HOUSE DASHBOARD'!$O$31:$O$465,0)) -> 1.84
A23: =17 -> 17 | B23: =INDEX('HOUSE DASHBOARD'!$A$31:$A$465,MATCH(A23,'HOUSE DASHBOARD'!$O$31:$O$465,0)) -> FL-25 | C23: =INDEX('HOUSE DASHBOARD'!$H$31:$H$465,MATCH(A23,'HOUSE DASHBOARD'!$O$31:$O$465,0)) -> 1.8690909 | D23: =INDEX('HOUSE DASHBOARD'!$I$31:$I$465,MATCH(A23,'HOUSE DASHBOARD'!$O$31:$O$465,0)) -> D | E23: =INDEX('HOUSE DASHBOARD'!$J$31:$J$465,MATCH(A23,'HOUSE DASHBOARD'!$O$31:$O$465,0)) -> D | F23: =INDEX('HOUSE DASHBOARD'!$K$31:$K$465,MATCH(A23,'HOUSE DASHBOARD'!$O$31:$O$465,0)) -> — | G23: =INDEX('HOUSE DASHBOARD'!$N$31:$N$465,MATCH(A23,'HOUSE DASHBOARD'!$O$31:$O$465,0)) -> 1.8690909
A24: =18 -> 18 | B24: =INDEX('HOUSE DASHBOARD'!$A$31:$A$465,MATCH(A24,'HOUSE DASHBOARD'!$O$31:$O$465,0)) -> FL-07 | C24: =INDEX('HOUSE DASHBOARD'!$H$31:$H$465,MATCH(A24,'HOUSE DASHBOARD'!$O$31:$O$465,0)) -> -1.93 | D24: =INDEX('HOUSE DASHBOARD'!$I$31:$I$465,MATCH(A24,'HOUSE DASHBOARD'!$O$31:$O$465,0)) -> R | E24: =INDEX('HOUSE DASHBOARD'!$J$31:$J$465,MATCH(A24,'HOUSE DASHBOARD'!$O$31:$O$465,0)) -> R | F24: =INDEX('HOUSE DASHBOARD'!$K$31:$K$465,MATCH(A24,'HOUSE DASHBOARD'!$O$31:$O$465,0)) -> — | G24: =INDEX('HOUSE DASHBOARD'!$N$31:$N$465,MATCH(A24,'HOUSE DASHBOARD'!$O$31:$O$465,0)) -> 1.93
A25: =19 -> 19 | B25: =INDEX('HOUSE DASHBOARD'!$A$31:$A$465,MATCH(A25,'HOUSE DASHBOARD'!$O$31:$O$465,0)) -> AZ-02 | C25: =INDEX('HOUSE DASHBOARD'!$H$31:$H$465,MATCH(A25,'HOUSE DASHBOARD'!$O$31:$O$465,0)) -> 2 | D25: =INDEX('HOUSE DASHBOARD'!$I$31:$I$465,MATCH(A25,'HOUSE DASHBOARD'!$O$31:$O$465,0)) -> D | E25: =INDEX('HOUSE DASHBOARD'!$J$31:$J$465,MATCH(A25,'HOUSE DASHBOARD'!$O$31:$O$465,0)) -> R | F25: =INDEX('HOUSE DASHBOARD'!$K$31:$K$465,MATCH(A25,'HOUSE DASHBOARD'!$O$31:$O$465,0)) -> R → D | G25: =INDEX('HOUSE DASHBOARD'!$N$31:$N$465,MATCH(A25,'HOUSE DASHBOARD'!$O$31:$O$465,0)) -> 2
A26: =20 -> 20 | B26: =INDEX('HOUSE DASHBOARD'!$A$31:$A$465,MATCH(A26,'HOUSE DASHBOARD'!$O$31:$O$465,0)) -> AZ-08 | C26: =INDEX('HOUSE DASHBOARD'!$H$31:$H$465,MATCH(A26,'HOUSE DASHBOARD'!$O$31:$O$465,0)) -> -2.04 | D26: =INDEX('HOUSE DASHBOARD'!$I$31:$I$465,MATCH(A26,'HOUSE DASHBOARD'!$O$31:$O$465,0)) -> R | E26: =INDEX('HOUSE DASHBOARD'!$J$31:$J$465,MATCH(A26,'HOUSE DASHBOARD'!$O$31:$O$465,0)) -> R | F26: =INDEX('HOUSE DASHBOARD'!$K$31:$K$465,MATCH(A26,'HOUSE DASHBOARD'!$O$31:$O$465,0)) -> — | G26: =INDEX('HOUSE DASHBOARD'!$N$31:$N$465,MATCH(A26,'HOUSE DASHBOARD'!$O$31:$O$465,0)) -> 2.04
A27: =21 -> 21 | B27: =INDEX('HOUSE DASHBOARD'!$A$31:$A$465,MATCH(A27,'HOUSE DASHBOARD'!$O$31:$O$465,0)) -> FL-13 | C27: =INDEX('HOUSE DASHBOARD'!$H$31:$H$465,MATCH(A27,'HOUSE DASHBOARD'!$O$31:$O$465,0)) -> -2.1713131 | D27: =INDEX('HOUSE DASHBOARD'!$I$31:$I$465,MATCH(A27,'HOUSE DASHBOARD'!$O$31:$O$465,0)) -> R | E27: =INDEX('HOUSE DASHBOARD'!$J$31:$J$465,MATCH(A27,'HOUSE DASHBOARD'!$O$31:$O$465,0)) -> R | F27: =INDEX('HOUSE DASHBOARD'!$K$31:$K$465,MATCH(A27,'HOUSE DASHBOARD'!$O$31:$O$465,0)) -> — | G27: =INDEX('HOUSE DASHBOARD'!$N$31:$N$465,MATCH(A27,'HOUSE DASHBOARD'!$O$31:$O$465,0)) -> 2.1713131
A28: =22 -> 22 | B28: =INDEX('HOUSE DASHBOARD'!$A$31:$A$465,MATCH(A28,'HOUSE DASHBOARD'!$O$31:$O$465,0)) -> TX-15 | C28: =INDEX('HOUSE DASHBOARD'!$H$31:$H$465,MATCH(A28,'HOUSE DASHBOARD'!$O$31:$O$465,0)) -> -2.24 | D28: =INDEX('HOUSE DASHBOARD'!$I$31:$I$465,MATCH(A28,'HOUSE DASHBOARD'!$O$31:$O$465,0)) -> R | E28: =INDEX('HOUSE DASHBOARD'!$J$31:$J$465,MATCH(A28,'HOUSE DASHBOARD'!$O$31:$O$465,0)) -> R | F28: =INDEX('HOUSE DASHBOARD'!$K$31:$K$465,MATCH(A28,'HOUSE DASHBOARD'!$O$31:$O$465,0)) -> — | G28: =INDEX('HOUSE DASHBOARD'!$N$31:$N$465,MATCH(A28,'HOUSE DASHBOARD'!$O$31:$O$465,0)) -> 2.24
A29: =23 -> 23 | B29: =INDEX('HOUSE DASHBOARD'!$A$31:$A$465,MATCH(A29,'HOUSE DASHBOARD'!$O$31:$O$465,0)) -> OH-15 | C29: =INDEX('HOUSE DASHBOARD'!$H$31:$H$465,MATCH(A29,'HOUSE DASHBOARD'!$O$31:$O$465,0)) -> -2.3533133 | D29: =INDEX('HOUSE DASHBOARD'!$I$31:$I$465,MATCH(A29,'HOUSE DASHBOARD'!$O$31:$O$465,0)) -> R | E29: =INDEX('HOUSE DASHBOARD'!$J$31:$J$465,MATCH(A29,'HOUSE DASHBOARD'!$O$31:$O$465,0)) -> R | F29: =INDEX('HOUSE DASHBOARD'!$K$31:$K$465,MATCH(A29,'HOUSE DASHBOARD'!$O$31:$O$465,0)) -> — | G29: =INDEX('HOUSE DASHBOARD'!$N$31:$N$465,MATCH(A29,'HOUSE DASHBOARD'!$O$31:$O$465,0)) -> 2.3533133
A30: =24 -> 24 | B30: =INDEX('HOUSE DASHBOARD'!$A$31:$A$465,MATCH(A30,'HOUSE DASHBOARD'!$O$31:$O$465,0)) -> TX-34 | C30: =INDEX('HOUSE DASHBOARD'!$H$31:$H$465,MATCH(A30,'HOUSE DASHBOARD'!$O$31:$O$465,0)) -> 2.36 | D30: =INDEX('HOUSE DASHBOARD'!$I$31:$I$465,MATCH(A30,'HOUSE DASHBOARD'!$O$31:$O$465,0)) -> D | E30: =INDEX('HOUSE DASHBOARD'!$J$31:$J$465,MATCH(A30,'HOUSE DASHBOARD'!$O$31:$O$465,0)) -> D | F30: =INDEX('HOUSE DASHBOARD'!$K$31:$K$465,MATCH(A30,'HOUSE DASHBOARD'!$O$31:$O$465,0)) -> — | G30: =INDEX('HOUSE DASHBOARD'!$N$31:$N$465,MATCH(A30,'HOUSE DASHBOARD'!$O$31:$O$465,0)) -> 2.36
A31: =25 -> 25 | B31: =INDEX('HOUSE DASHBOARD'!$A$31:$A$465,MATCH(A31,'HOUSE DASHBOARD'!$O$31:$O$465,0)) -> SC-01 | C31: =INDEX('HOUSE DASHBOARD'!$H$31:$H$465,MATCH(A31,'HOUSE DASHBOARD'!$O$31:$O$465,0)) -> -2.46 | D31: =INDEX('HOUSE DASHBOARD'!$I$31:$I$465,MATCH(A31,'HOUSE DASHBOARD'!$O$31:$O$465,0)) -> R | E31: =INDEX('HOUSE DASHBOARD'!$J$31:$J$465,MATCH(A31,'HOUSE DASHBOARD'!$O$31:$O$465,0)) -> R | F31: =INDEX('HOUSE DASHBOARD'!$K$31:$K$465,MATCH(A31,'HOUSE DASHBOARD'!$O$31:$O$465,0)) -> — | G31: =INDEX('HOUSE DASHBOARD'!$N$31:$N$465,MATCH(A31,'HOUSE DASHBOARD'!$O$31:$O$465,0)) -> 2.46
A35: SENATE — 20 closest races
A36: Closeness rank | B36: Contest | C36: Scenario margin | D36: Projected party | E36: Reference holder | F36: Flip | G36: Abs. margin
A37: =1 -> 1 | B37: =INDEX('SENATE DASHBOARD'!$A$32:$A$66,MATCH(A37,'SENATE DASHBOARD'!$O$32:$O$66,0)) -> Alaska | C37: =INDEX('SENATE DASHBOARD'!$H$32:$H$66,MATCH(A37,'SENATE DASHBOARD'!$O$32:$O$66,0)) -> 1 | D37: =INDEX('SENATE DASHBOARD'!$I$32:$I$66,MATCH(A37,'SENATE DASHBOARD'!$O$32:$O$66,0)) -> D | E37: =INDEX('SENATE DASHBOARD'!$J$32:$J$66,MATCH(A37,'SENATE DASHBOARD'!$O$32:$O$66,0)) -> R | F37: =INDEX('SENATE DASHBOARD'!$K$32:$K$66,MATCH(A37,'SENATE DASHBOARD'!$O$32:$O$66,0)) -> R → D | G37: =INDEX('SENATE DASHBOARD'!$N$32:$N$66,MATCH(A37,'SENATE DASHBOARD'!$O$32:$O$66,0)) -> 1
A38: =2 -> 2 | B38: =INDEX('SENATE DASHBOARD'!$A$32:$A$66,MATCH(A38,'SENATE DASHBOARD'!$O$32:$O$66,0)) -> Maine | C38: =INDEX('SENATE DASHBOARD'!$H$32:$H$66,MATCH(A38,'SENATE DASHBOARD'!$O$32:$O$66,0)) -> 2.7917647 | D38: =INDEX('SENATE DASHBOARD'!$I$32:$I$66,MATCH(A38,'SENATE DASHBOARD'!$O$32:$O$66,0)) -> D | E38: =INDEX('SENATE DASHBOARD'!$J$32:$J$66,MATCH(A38,'SENATE DASHBOARD'!$O$32:$O$66,0)) -> R | F38: =INDEX('SENATE DASHBOARD'!$K$32:$K$66,MATCH(A38,'SENATE DASHBOARD'!$O$32:$O$66,0)) -> R → D | G38: =INDEX('SENATE DASHBOARD'!$N$32:$N$66,MATCH(A38,'SENATE DASHBOARD'!$O$32:$O$66,0)) -> 2.7917647
A39: =3 -> 3 | B39: =INDEX('SENATE DASHBOARD'!$A$32:$A$66,MATCH(A39,'SENATE DASHBOARD'!$O$32:$O$66,0)) -> Nebraska | C39: =INDEX('SENATE DASHBOARD'!$H$32:$H$66,MATCH(A39,'SENATE DASHBOARD'!$O$32:$O$66,0)) -> 3.195312 | D39: =INDEX('SENATE DASHBOARD'!$I$32:$I$66,MATCH(A39,'SENATE DASHBOARD'!$O$32:$O$66,0)) -> D | E39: =INDEX('SENATE DASHBOARD'!$J$32:$J$66,MATCH(A39,'SENATE DASHBOARD'!$O$32:$O$66,0)) -> R | F39: =INDEX('SENATE DASHBOARD'!$K$32:$K$66,MATCH(A39,'SENATE DASHBOARD'!$O$32:$O$66,0)) -> R → D | G39: =INDEX('SENATE DASHBOARD'!$N$32:$N$66,MATCH(A39,'SENATE DASHBOARD'!$O$32:$O$66,0)) -> 3.195312
A40: =4 -> 4 | B40: =INDEX('SENATE DASHBOARD'!$A$32:$A$66,MATCH(A40,'SENATE DASHBOARD'!$O$32:$O$66,0)) -> Florida | C40: =INDEX('SENATE DASHBOARD'!$H$32:$H$66,MATCH(A40,'SENATE DASHBOARD'!$O$32:$O$66,0)) -> -3.23 | D40: =INDEX('SENATE DASHBOARD'!$I$32:$I$66,MATCH(A40,'SENATE DASHBOARD'!$O$32:$O$66,0)) -> R | E40: =INDEX('SENATE DASHBOARD'!$J$32:$J$66,MATCH(A40,'SENATE DASHBOARD'!$O$32:$O$66,0)) -> R | F40: =INDEX('SENATE DASHBOARD'!$K$32:$K$66,MATCH(A40,'SENATE DASHBOARD'!$O$32:$O$66,0)) -> — | G40: =INDEX('SENATE DASHBOARD'!$N$32:$N$66,MATCH(A40,'SENATE DASHBOARD'!$O$32:$O$66,0)) -> 3.23
A41: =5 -> 5 | B41: =INDEX('SENATE DASHBOARD'!$A$32:$A$66,MATCH(A41,'SENATE DASHBOARD'!$O$32:$O$66,0)) -> Iowa | C41: =INDEX('SENATE DASHBOARD'!$H$32:$H$66,MATCH(A41,'SENATE DASHBOARD'!$O$32:$O$66,0)) -> -3.34 | D41: =INDEX('SENATE DASHBOARD'!$I$32:$I$66,MATCH(A41,'SENATE DASHBOARD'!$O$32:$O$66,0)) -> R | E41: =INDEX('SENATE DASHBOARD'!$J$32:$J$66,MATCH(A41,'SENATE DASHBOARD'!$O$32:$O$66,0)) -> R | F41: =INDEX('SENATE DASHBOARD'!$K$32:$K$66,MATCH(A41,'SENATE DASHBOARD'!$O$32:$O$66,0)) -> — | G41: =INDEX('SENATE DASHBOARD'!$N$32:$N$66,MATCH(A41,'SENATE DASHBOARD'!$O$32:$O$66,0)) -> 3.34
A42: =6 -> 6 | B42: =INDEX('SENATE DASHBOARD'!$A$32:$A$66,MATCH(A42,'SENATE DASHBOARD'!$O$32:$O$66,0)) -> Texas | C42: =INDEX('SENATE DASHBOARD'!$H$32:$H$66,MATCH(A42,'SENATE DASHBOARD'!$O$32:$O$66,0)) -> -3.81 | D42: =INDEX('SENATE DASHBOARD'!$I$32:$I$66,MATCH(A42,'SENATE DASHBOARD'!$O$32:$O$66,0)) -> R | E42: =INDEX('SENATE DASHBOARD'!$J$32:$J$66,MATCH(A42,'SENATE DASHBOARD'!$O$32:$O$66,0)) -> R | F42: =INDEX('SENATE DASHBOARD'!$K$32:$K$66,MATCH(A42,'SENATE DASHBOARD'!$O$32:$O$66,0)) -> — | G42: =INDEX('SENATE DASHBOARD'!$N$32:$N$66,MATCH(A42,'SENATE DASHBOARD'!$O$32:$O$66,0)) -> 3.81
A43: =7 -> 7 | B43: =INDEX('SENATE DASHBOARD'!$A$32:$A$66,MATCH(A43,'SENATE DASHBOARD'!$O$32:$O$66,0)) -> Georgia | C43: =INDEX('SENATE DASHBOARD'!$H$32:$H$66,MATCH(A43,'SENATE DASHBOARD'!$O$32:$O$66,0)) -> 5.1751 | D43: =INDEX('SENATE DASHBOARD'!$I$32:$I$66,MATCH(A43,'SENATE DASHBOARD'!$O$32:$O$66,0)) -> D | E43: =INDEX('SENATE DASHBOARD'!$J$32:$J$66,MATCH(A43,'SENATE DASHBOARD'!$O$32:$O$66,0)) -> D | F43: =INDEX('SENATE DASHBOARD'!$K$32:$K$66,MATCH(A43,'SENATE DASHBOARD'!$O$32:$O$66,0)) -> — | G43: =INDEX('SENATE DASHBOARD'!$N$32:$N$66,MATCH(A43,'SENATE DASHBOARD'!$O$32:$O$66,0)) -> 5.1751
A44: =8 -> 8 | B44: =INDEX('SENATE DASHBOARD'!$A$32:$A$66,MATCH(A44,'SENATE DASHBOARD'!$O$32:$O$66,0)) -> Mississippi | C44: =INDEX('SENATE DASHBOARD'!$H$32:$H$66,MATCH(A44,'SENATE DASHBOARD'!$O$32:$O$66,0)) -> -6.05 | D44: =INDEX('SENATE DASHBOARD'!$I$32:$I$66,MATCH(A44,'SENATE DASHBOARD'!$O$32:$O$66,0)) -> R | E44: =INDEX('SENATE DASHBOARD'!$J$32:$J$66,MATCH(A44,'SENATE DASHBOARD'!$O$32:$O$66,0)) -> R | F44: =INDEX('SENATE DASHBOARD'!$K$32:$K$66,MATCH(A44,'SENATE DASHBOARD'!$O$32:$O$66,0)) -> — | G44: =INDEX('SENATE DASHBOARD'!$N$32:$N$66,MATCH(A44,'SENATE DASHBOARD'!$O$32:$O$66,0)) -> 6.05
A45: =9 -> 9 | B45: =INDEX('SENATE DASHBOARD'!$A$32:$A$66,MATCH(A45,'SENATE DASHBOARD'!$O$32:$O$66,0)) -> Ohio | C45: =INDEX('SENATE DASHBOARD'!$H$32:$H$66,MATCH(A45,'SENATE DASHBOARD'!$O$32:$O$66,0)) -> 6.2512839 | D45: =INDEX('SENATE DASHBOARD'!$I$32:$I$66,MATCH(A45,'SENATE DASHBOARD'!$O$32:$O$66,0)) -> D | E45: =INDEX('SENATE DASHBOARD'!$J$32:$J$66,MATCH(A45,'SENATE DASHBOARD'!$O$32:$O$66,0)) -> R | F45: =INDEX('SENATE DASHBOARD'!$K$32:$K$66,MATCH(A45,'SENATE DASHBOARD'!$O$32:$O$66,0)) -> R → D | G45: =INDEX('SENATE DASHBOARD'!$N$32:$N$66,MATCH(A45,'SENATE DASHBOARD'!$O$32:$O$66,0)) -> 6.2512839
A46: =10 -> 10 | B46: =INDEX('SENATE DASHBOARD'!$A$32:$A$66,MATCH(A46,'SENATE DASHBOARD'!$O$32:$O$66,0)) -> North Carolina | C46: =INDEX('SENATE DASHBOARD'!$H$32:$H$66,MATCH(A46,'SENATE DASHBOARD'!$O$32:$O$66,0)) -> 6.66 | D46: =INDEX('SENATE DASHBOARD'!$I$32:$I$66,MATCH(A46,'SENATE DASHBOARD'!$O$32:$O$66,0)) -> D | E46: =INDEX('SENATE DASHBOARD'!$J$32:$J$66,MATCH(A46,'SENATE DASHBOARD'!$O$32:$O$66,0)) -> R | F46: =INDEX('SENATE DASHBOARD'!$K$32:$K$66,MATCH(A46,'SENATE DASHBOARD'!$O$32:$O$66,0)) -> R → D | G46: =INDEX('SENATE DASHBOARD'!$N$32:$N$66,MATCH(A46,'SENATE DASHBOARD'!$O$32:$O$66,0)) -> 6.66
A47: =11 -> 11 | B47: =INDEX('SENATE DASHBOARD'!$A$32:$A$66,MATCH(A47,'SENATE DASHBOARD'!$O$32:$O$66,0)) -> Kansas | C47: =INDEX('SENATE DASHBOARD'!$H$32:$H$66,MATCH(A47,'SENATE DASHBOARD'!$O$32:$O$66,0)) -> -7.45 | D47: =INDEX('SENATE DASHBOARD'!$I$32:$I$66,MATCH(A47,'SENATE DASHBOARD'!$O$32:$O$66,0)) -> R | E47: =INDEX('SENATE DASHBOARD'!$J$32:$J$66,MATCH(A47,'SENATE DASHBOARD'!$O$32:$O$66,0)) -> R | F47: =INDEX('SENATE DASHBOARD'!$K$32:$K$66,MATCH(A47,'SENATE DASHBOARD'!$O$32:$O$66,0)) -> — | G47: =INDEX('SENATE DASHBOARD'!$N$32:$N$66,MATCH(A47,'SENATE DASHBOARD'!$O$32:$O$66,0)) -> 7.45
A48: =12 -> 12 | B48: =INDEX('SENATE DASHBOARD'!$A$32:$A$66,MATCH(A48,'SENATE DASHBOARD'!$O$32:$O$66,0)) -> South Carolina | C48: =INDEX('SENATE DASHBOARD'!$H$32:$H$66,MATCH(A48,'SENATE DASHBOARD'!$O$32:$O$66,0)) -> -8 | D48: =INDEX('SENATE DASHBOARD'!$I$32:$I$66,MATCH(A48,'SENATE DASHBOARD'!$O$32:$O$66,0)) -> R | E48: =INDEX('SENATE DASHBOARD'!$J$32:$J$66,MATCH(A48,'SENATE DASHBOARD'!$O$32:$O$66,0)) -> R | F48: =INDEX('SENATE DASHBOARD'!$K$32:$K$66,MATCH(A48,'SENATE DASHBOARD'!$O$32:$O$66,0)) -> — | G48: =INDEX('SENATE DASHBOARD'!$N$32:$N$66,MATCH(A48,'SENATE DASHBOARD'!$O$32:$O$66,0)) -> 8
A49: =13 -> 13 | B49: =INDEX('SENATE DASHBOARD'!$A$32:$A$66,MATCH(A49,'SENATE DASHBOARD'!$O$32:$O$66,0)) -> Michigan | C49: =INDEX('SENATE DASHBOARD'!$H$32:$H$66,MATCH(A49,'SENATE DASHBOARD'!$O$32:$O$66,0)) -> 8.45 | D49: =INDEX('SENATE DASHBOARD'!$I$32:$I$66,MATCH(A49,'SENATE DASHBOARD'!$O$32:$O$66,0)) -> D | E49: =INDEX('SENATE DASHBOARD'!$J$32:$J$66,MATCH(A49,'SENATE DASHBOARD'!$O$32:$O$66,0)) -> D | F49: =INDEX('SENATE DASHBOARD'!$K$32:$K$66,MATCH(A49,'SENATE DASHBOARD'!$O$32:$O$66,0)) -> — | G49: =INDEX('SENATE DASHBOARD'!$N$32:$N$66,MATCH(A49,'SENATE DASHBOARD'!$O$32:$O$66,0)) -> 8.45
A50: =14 -> 14 | B50: =INDEX('SENATE DASHBOARD'!$A$32:$A$66,MATCH(A50,'SENATE DASHBOARD'!$O$32:$O$66,0)) -> New Mexico | C50: =INDEX('SENATE DASHBOARD'!$H$32:$H$66,MATCH(A50,'SENATE DASHBOARD'!$O$32:$O$66,0)) -> 10.05 | D50: =INDEX('SENATE DASHBOARD'!$I$32:$I$66,MATCH(A50,'SENATE DASHBOARD'!$O$32:$O$66,0)) -> D | E50: =INDEX('SENATE DASHBOARD'!$J$32:$J$66,MATCH(A50,'SENATE DASHBOARD'!$O$32:$O$66,0)) -> D | F50: =INDEX('SENATE DASHBOARD'!$K$32:$K$66,MATCH(A50,'SENATE DASHBOARD'!$O$32:$O$66,0)) -> — | G50: =INDEX('SENATE DASHBOARD'!$N$32:$N$66,MATCH(A50,'SENATE DASHBOARD'!$O$32:$O$66,0)) -> 10.05
A51: =15 -> 15 | B51: =INDEX('SENATE DASHBOARD'!$A$32:$A$66,MATCH(A51,'SENATE DASHBOARD'!$O$32:$O$66,0)) -> Montana | C51: =INDEX('SENATE DASHBOARD'!$H$32:$H$66,MATCH(A51,'SENATE DASHBOARD'!$O$32:$O$66,0)) -> -10.06 | D51: =INDEX('SENATE DASHBOARD'!$I$32:$I$66,MATCH(A51,'SENATE DASHBOARD'!$O$32:$O$66,0)) -> R | E51: =INDEX('SENATE DASHBOARD'!$J$32:$J$66,MATCH(A51,'SENATE DASHBOARD'!$O$32:$O$66,0)) -> R | F51: =INDEX('SENATE DASHBOARD'!$K$32:$K$66,MATCH(A51,'SENATE DASHBOARD'!$O$32:$O$66,0)) -> — | G51: =INDEX('SENATE DASHBOARD'!$N$32:$N$66,MATCH(A51,'SENATE DASHBOARD'!$O$32:$O$66,0)) -> 10.06
A52: =16 -> 16 | B52: =INDEX('SENATE DASHBOARD'!$A$32:$A$66,MATCH(A52,'SENATE DASHBOARD'!$O$32:$O$66,0)) -> Idaho | C52: =INDEX('SENATE DASHBOARD'!$H$32:$H$66,MATCH(A52,'SENATE DASHBOARD'!$O$32:$O$66,0)) -> -11.55 | D52: =INDEX('SENATE DASHBOARD'!$I$32:$I$66,MATCH(A52,'SENATE DASHBOARD'!$O$32:$O$66,0)) -> R | E52: =INDEX('SENATE DASHBOARD'!$J$32:$J$66,MATCH(A52,'SENATE DASHBOARD'!$O$32:$O$66,0)) -> R | F52: =INDEX('SENATE DASHBOARD'!$K$32:$K$66,MATCH(A52,'SENATE DASHBOARD'!$O$32:$O$66,0)) -> — | G52: =INDEX('SENATE DASHBOARD'!$N$32:$N$66,MATCH(A52,'SENATE DASHBOARD'!$O$32:$O$66,0)) -> 11.55
